{
    "tag": {
        "\u306d\u3076\u305f": {
            "data": 3.8541666428535817,
            "id": [
                "H0037375"
            ]
        },
        "\u7df4\u308a\u7269": {
            "data": 7.144321070192379,
            "id": [
                "H0037375",
                "H0009521",
                "H0037058",
                "K0006981"
            ]
        },
        "\u796d": {
            "data": 59.638044124948394,
            "id": [
                "H0036805",
                "H0036803",
                "H0034651",
                "H0036685",
                "H0036885",
                "H0036613",
                "H0036698",
                "H0036537",
                "H0036697",
                "H0009521",
                "H0036745",
                "H0036520",
                "H0036825",
                "H0036562",
                "H0037059",
                "H0037058",
                "K0006981",
                "H0036656",
                "H0036651",
                "H0036652",
                "H0036654",
                "H0036647",
                "H0036668",
                "H0036669",
                "H0037287",
                "H0036767",
                "H0036648",
                "H0015437",
                "H0036646",
                "H0036768",
                "H0036661",
                "H0036671",
                "H0036660",
                "H0036771",
                "H0036662",
                "H0036770",
                "H0036670",
                "H0036740",
                "H0036641",
                "H0036643",
                "H0036642",
                "H0036786"
            ]
        },
        "\u4e0a\u68df\u5f0f": {
            "data": 3.8541666428535817,
            "id": [
                "H0036805",
                "H0036803"
            ]
        },
        "\u5fa1\u5e63": {
            "data": 5.332237922720052,
            "id": [
                "H0036805",
                "H0036803",
                "H0036668",
                "H0036671",
                "H0036670",
                "H0036669"
            ]
        },
        "\u82b1\u796d\u308a": {
            "data": 8.573251345477779,
            "id": [
                "H0036685",
                "H0036697",
                "H0036698",
                "H0036656",
                "H0036651",
                "H0036652",
                "H0036654",
                "H0036647",
                "H0036668",
                "H0036669",
                "H0037287",
                "H0036648",
                "H0015437",
                "H0036646",
                "H0036661",
                "H0036671",
                "H0036660",
                "H0036662",
                "H0036670"
            ]
        },
        "\u68b5\u5929": {
            "data": 2.2940247737193427,
            "id": [
                "H0036685",
                "H0036613"
            ]
        },
        "\u9053\u5177": {
            "data": 6.8716151561685,
            "id": [
                "H0034651",
                "H0036885",
                "H0036446",
                "H0036445",
                "H0017833",
                "H0017832",
                "H0011973"
            ]
        },
        "\u6247\u5b50": {
            "data": 2.666118961360026,
            "id": [
                "H0034651",
                "H0037287",
                "H0036662"
            ]
        },
        "\u795e\u8f3f": {
            "data": 2.2940247737193427,
            "id": [
                "H0034651",
                "H0036537"
            ]
        },
        "\u5e74\u4e2d\u884c\u4e8b": {
            "data": 11.322079761126828,
            "id": [
                "H0036541",
                "H0037023",
                "H0036588",
                "H0036584",
                "H0037131",
                "H0037081",
                "H0037003",
                "H0036640",
                "H0037024",
                "H0036571",
                "H0036489",
                "H0029810"
            ]
        },
        "\u6b63\u6708": {
            "data": 9.037066927405245,
            "id": [
                "H0036541",
                "H0037023",
                "H0036588",
                "H0036584",
                "H0037081",
                "H0037024",
                "H0036571"
            ]
        },
        "\u4f9b\u7269": {
            "data": 5.952181927895694,
            "id": [
                "H0036541",
                "H0037023",
                "H0036588"
            ]
        },
        "\u5e74\u795e": {
            "data": 3.9681212852637953,
            "id": [
                "H0036541",
                "H0036588"
            ]
        },
        "\u5ea7": {
            "data": 3.9681212852637953,
            "id": [
                "H0036541",
                "H0036588"
            ]
        },
        "\u30b3\u30d4\u30fc": {
            "data": 3.9681212852637953,
            "id": [
                "H0036588",
                "H0036584"
            ]
        },
        "\u30ad\u30cd\u30de\u30ad*": {
            "data": 1.9840606426318976,
            "id": [
                "H0036584"
            ]
        },
        "\u9f8d\u5bae": {
            "data": 1.9840606426318976,
            "id": [
                "H0036885"
            ]
        },
        "\u68da": {
            "data": 1.9840606426318976,
            "id": [
                "H0037023"
            ]
        },
        "\u6ce8\u9023\u7e04": {
            "data": 1.1008243568776552,
            "id": [
                "H0037081",
                "H0036744",
                "H0037024"
            ]
        },
        "\u7d50\u5a5a\u5f0f": {
            "data": 0.3669414522925519,
            "id": [
                "H0036744"
            ]
        },
        "\u304a\u5bae*": {
            "data": 0.3669414522925519,
            "id": [
                "H0036537"
            ]
        },
        "\u4f9d\u308a\u4ee3": {
            "data": 0.3669414522925519,
            "id": [
                "H0036571"
            ]
        },
        "\u6b73\u5fb3\u795e": {
            "data": 0.3669414522925519,
            "id": [
                "H0036571"
            ]
        },
        "\u6f54": {
            "data": 0.3669414522925519,
            "id": [
                "H0036613"
            ]
        },
        "\u767d\u84cb*": {
            "data": 0.3669414522925519,
            "id": [
                "H0036698"
            ]
        },
        "\u6e6f\u84cb*": {
            "data": 0.3669414522925519,
            "id": [
                "H0036697"
            ]
        },
        "\u96a0\u5c90": {
            "data": 0.3669414522925519,
            "id": [
                "H0036950"
            ]
        },
        "\u795e\u697d": {
            "data": 0.7338829045851037,
            "id": [
                "H0036960",
                "H0036950"
            ]
        },
        "\u7389": {
            "data": 0.3669414522925519,
            "id": [
                "H0036950"
            ]
        },
        "\u84cb": {
            "data": 0.3669414522925519,
            "id": [
                "H0036950"
            ]
        },
        "\u5927\u5143\u795e\u697d*": {
            "data": 0.3669414522925519,
            "id": [
                "H0036880"
            ]
        },
        "\u5929\u84cb": {
            "data": 0.7338829045851037,
            "id": [
                "H0036960",
                "H0036880"
            ]
        },
        "\u8352\u795e": {
            "data": 0.3669414522925519,
            "id": [
                "H0036960"
            ]
        },
        "\u76c6": {
            "data": 1.1008243568776552,
            "id": [
                "H0036640",
                "H0037131",
                "H0037003"
            ]
        },
        "\u5ff5\u4ecf\u8e0a\u308a": {
            "data": 0.3669414522925519,
            "id": [
                "H0036640"
            ]
        },
        "\u706f\u7c60": {
            "data": 1.1008243568776552,
            "id": [
                "H0036640",
                "H0037131",
                "H0037003"
            ]
        },
        "\u98fe\u308a\u7269*": {
            "data": 2.586463134881059,
            "id": [
                "H0036520"
            ]
        },
        "\u6765\u8fce": {
            "data": 2.586463134881059,
            "id": [
                "H0036520"
            ]
        },
        "\u4f5c\u308a*": {
            "data": 2.586463134881059,
            "id": [
                "H0036520"
            ]
        },
        "\u82b1": {
            "data": 2.586463134881059,
            "id": [
                "H0036520"
            ]
        },
        "\u3046\u3061\u308f": {
            "data": 16.097068512679446,
            "id": [
                "H0036745",
                "H0036641",
                "H0036643",
                "H0036642"
            ]
        },
        "\u7530\u690d\u3048": {
            "data": 2.586463134881059,
            "id": [
                "H0036745"
            ]
        },
        "\u884c\u4e8b": {
            "data": 2.586463134881059,
            "id": [
                "H0036745"
            ]
        },
        "\u3055\u3057": {
            "data": 2.586463134881059,
            "id": [
                "H0036745"
            ]
        },
        "\u3084\u3054\u308d*": {
            "data": 2.586463134881059,
            "id": [
                "H0009521"
            ]
        },
        "\u3046\u3069\u3093": {
            "data": 2.586463134881059,
            "id": [
                "H0009521"
            ]
        },
        "\u30b7\u30ab": {
            "data": 6.399076401514104,
            "id": [
                "K0006435",
                "K0006434",
                "K0006433"
            ]
        },
        "\u8e0a\u308a": {
            "data": 10.902611527446902,
            "id": [
                "K0006435",
                "K0006434",
                "K0006433",
                "H0036740"
            ]
        },
        "\u9762": {
            "data": 6.399076401514104,
            "id": [
                "K0006435",
                "K0006434",
                "K0006433"
            ]
        },
        "\u88c5\u675f*": {
            "data": 6.399076401514104,
            "id": [
                "K0006435",
                "K0006434",
                "K0006433"
            ]
        },
        "\u30b5\u30af\u30e9": {
            "data": 2.1330254671713673,
            "id": [
                "K0006433"
            ]
        },
        "\u30de\u30c4": {
            "data": 2.1330254671713673,
            "id": [
                "K0006434"
            ]
        },
        "\u30a6\u30e1": {
            "data": 2.1330254671713673,
            "id": [
                "K0006435"
            ]
        },
        "\u4eba\u5f62": {
            "data": 9.473507814751393,
            "id": [
                "H0036446",
                "H0036825",
                "H0036562",
                "H0036489",
                "H0037059",
                "H0037006",
                "H0036265",
                "H0036445",
                "H0029999",
                "H0036609",
                "H0015940",
                "H0036954",
                "H0037007",
                "H0036608"
            ]
        },
        "\u30a6\u30b7": {
            "data": 1.1841884768439241,
            "id": [
                "H0015940",
                "H0029999"
            ]
        },
        "\u4fe1\u4ef0": {
            "data": 5.328848145797659,
            "id": [
                "H0036446",
                "H0029810",
                "H0036445",
                "H0017833",
                "H0036609",
                "H0017832",
                "H0036954",
                "H0036608",
                "H0011973"
            ]
        },
        "\u5c71\u306e\u795e": {
            "data": 2.3683769536878483,
            "id": [
                "H0017833",
                "H0017832",
                "H0025883",
                "H0011973"
            ]
        },
        "\u795d\u3044*": {
            "data": 1.1841884768439241,
            "id": [
                "H0014910",
                "H0014911"
            ]
        },
        "\u68d2": {
            "data": 1.1841884768439241,
            "id": [
                "H0014910",
                "H0014911"
            ]
        },
        "\u9053\u7956\u795e": {
            "data": 1.1841884768439241,
            "id": [
                "H0036609",
                "H0036608"
            ]
        },
        "\u82e5\u5bae": {
            "data": 0.5920942384219621,
            "id": [
                "H0036825"
            ]
        },
        "\u866b\u9001\u308a": {
            "data": 0.5920942384219621,
            "id": [
                "H0037059"
            ]
        },
        "\u5b9f\u76db*": {
            "data": 0.5920942384219621,
            "id": [
                "H0037059"
            ]
        },
        "\u5927\u52a9": {
            "data": 1.1841884768439241,
            "id": [
                "H0036446",
                "H0036445"
            ]
        },
        "\u91cc": {
            "data": 0.5920942384219621,
            "id": [
                "H0036954"
            ]
        },
        "\u795e": {
            "data": 0.5920942384219621,
            "id": [
                "H0036954"
            ]
        },
        "\u937e\u9997": {
            "data": 0.5920942384219621,
            "id": [
                "H0036562"
            ]
        },
        "\u5730\u8535\u83e9\u85a9": {
            "data": 1.1841884768439241,
            "id": [
                "H0037006",
                "H0037007"
            ]
        },
        "\u5f6b\u523b": {
            "data": 1.1841884768439241,
            "id": [
                "H0029810",
                "H0025883"
            ]
        },
        "\u5c0f\u6b63\u6708": {
            "data": 0.5920942384219621,
            "id": [
                "H0036489"
            ]
        },
        "\u304b\u304b\u3057": {
            "data": 0.5920942384219621,
            "id": [
                "H0036489"
            ]
        },
        "\u5165\u9053": {
            "data": 0.5920942384219621,
            "id": [
                "H0029810"
            ]
        },
        "\u725b\u9b3c": {
            "data": 2.6307746138845287,
            "id": [
                "H0037058",
                "K0006981"
            ]
        },
        "\u63a1\u7269": {
            "data": 7.3903563993323536,
            "id": [
                "H0036656",
                "H0036651",
                "H0036652",
                "H0036654",
                "H0036647",
                "H0036291",
                "H0036668",
                "H0036669",
                "H0037287",
                "H0036648",
                "H0036292",
                "H0015437",
                "H0036646",
                "H0036661",
                "H0036671",
                "H0036660",
                "H0036290",
                "H0036662",
                "H0036670",
                "H0036305"
            ]
        },
        "\u65a7": {
            "data": 1.4780712798664715,
            "id": [
                "H0036648",
                "H0036646",
                "H0036647",
                "H0015437"
            ]
        },
        "\u6728\u5200": {
            "data": 1.108553459899853,
            "id": [
                "H0036656",
                "H0036654",
                "H0036652"
            ]
        },
        "\u5263": {
            "data": 0.36951781996661787,
            "id": [
                "H0036651"
            ]
        },
        "\u511f\u795e*": {
            "data": 1.4780712798664715,
            "id": [
                "H0036290",
                "H0036291",
                "H0036292",
                "H0036305"
            ]
        },
        "\u5f13": {
            "data": 0.36951781996661787,
            "id": [
                "H0036290"
            ]
        },
        "\u77e2": {
            "data": 0.7390356399332357,
            "id": [
                "H0036291",
                "H0036292"
            ]
        },
        "\u5e03": {
            "data": 0.36951781996661787,
            "id": [
                "H0036305"
            ]
        },
        "\u592a\u5200": {
            "data": 0.36951781996661787,
            "id": [
                "H0036305"
            ]
        },
        "\u9234": {
            "data": 0.7390356399332357,
            "id": [
                "H0036661",
                "H0036660"
            ]
        },
        "\u592a\u5200\u632f*": {
            "data": 1.4780712798664715,
            "id": [
                "H0036767",
                "H0036768",
                "H0036771",
                "H0036770"
            ]
        },
        "\u5927\u592a\u5200": {
            "data": 0.7390356399332357,
            "id": [
                "H0036767",
                "H0036768"
            ]
        },
        "\u6a21\u578b": {
            "data": 1.4780712798664715,
            "id": [
                "H0036767",
                "H0036768",
                "H0036771",
                "H0036770"
            ]
        },
        "\u5c0f\u592a\u5200": {
            "data": 0.7390356399332357,
            "id": [
                "H0036771",
                "H0036770"
            ]
        },
        "\u653e\u4e0b": {
            "data": 13.51060537779839,
            "id": [
                "H0036641",
                "H0036643",
                "H0036642"
            ]
        },
        "\u938c\u5009": {
            "data": 4.503535125932794,
            "id": [
                "H0036740"
            ]
        },
        "\u307b\u308d": {
            "data": 4.503535125932794,
            "id": [
                "H0036740"
            ]
        },
        "\u3084\u3059\u3089\u3044\u796d": {
            "data": 10.906940750581969,
            "id": [
                "H0036786"
            ]
        },
        "\u82b1\u5098*": {
            "data": 10.906940750581969,
            "id": [
                "H0036786"
            ]
        }
    },
    "country": {
        "\u65e5\u672c": {
            "data": 328.7011183947983,
            "id": [
                "H0036805",
                "H0037375",
                "H0036685",
                "H0036803",
                "H0034651",
                "H0036541",
                "H0036584",
                "H0037023",
                "H0036885",
                "H0036588",
                "H0036950",
                "H0036880",
                "H0037131",
                "H0036613",
                "H0037081",
                "H0036744",
                "H0036697",
                "H0036698",
                "H0036537",
                "H0036960",
                "H0037003",
                "H0036640",
                "H0037024",
                "H0036571",
                "H0009521",
                "H0036745",
                "H0036520",
                "K0006435",
                "K0006434",
                "K0006433",
                "H0036446",
                "H0036825",
                "H0036489",
                "H0029810",
                "H0025883",
                "H0014911",
                "H0037006",
                "H0017833",
                "H0011973",
                "H0036562",
                "H0036265",
                "H0036445",
                "H0036609",
                "H0036954",
                "H0014910",
                "H0029999",
                "H0017832",
                "H0037007",
                "H0036608",
                "H0037059",
                "H0015940",
                "H0037058",
                "K0006981",
                "H0036654",
                "H0036647",
                "H0036661",
                "H0036662",
                "H0036671",
                "H0036770",
                "H0036651",
                "H0036291",
                "H0037287",
                "H0036767",
                "H0036648",
                "H0015437",
                "H0036768",
                "H0036290",
                "H0036771",
                "H0036305",
                "H0036656",
                "H0036668",
                "H0036292",
                "H0036669",
                "H0036660",
                "H0036652",
                "H0036646",
                "H0036670",
                "H0036740",
                "H0036641",
                "H0036643",
                "H0036642",
                "H0036786"
            ]
        }
    },
    "region": {
        "\u9752\u68ee\u770c": {
            "data": 7.9147543800972455,
            "id": [
                "H0037375",
                "H0036265"
            ]
        },
        "\u5927\u962a\u5e9c": {
            "data": 12.333333257131464,
            "id": [
                "H0036805",
                "H0036803"
            ]
        },
        "\u611b\u77e5\u770c": {
            "data": 76.36734232617925,
            "id": [
                "H0036685",
                "H0036640",
                "H0036697",
                "H0036698",
                "H0036656",
                "H0036651",
                "H0036652",
                "H0036654",
                "H0036647",
                "H0036668",
                "H0036669",
                "H0037287",
                "H0036648",
                "H0015437",
                "H0036646",
                "H0036661",
                "H0036671",
                "H0036660",
                "H0036662",
                "H0036670",
                "H0036641",
                "H0036643",
                "H0036642"
            ]
        },
        "\u548c\u6b4c\u5c71\u770c": {
            "data": 6.166666628565732,
            "id": [
                "H0034651"
            ]
        },
        "\u798f\u4e95\u770c": {
            "data": 8.729866827580354,
            "id": [
                "H0036588"
            ]
        },
        "\u795e\u5948\u5ddd\u770c": {
            "data": 9.856901288193196,
            "id": [
                "H0036541",
                "H0036537"
            ]
        },
        "\u77f3\u5ddd\u770c": {
            "data": 8.729866827580354,
            "id": [
                "H0036584"
            ]
        },
        "\u5cf6\u6839\u770c": {
            "data": 10.983935748806028,
            "id": [
                "H0036885",
                "H0036880",
                "H0036950"
            ]
        },
        "\u611b\u5a9b\u770c": {
            "data": 19.497312881378278,
            "id": [
                "H0037023",
                "H0037024",
                "H0037059",
                "H0037058",
                "K0006981"
            ]
        },
        "\u5c90\u961c\u770c": {
            "data": 15.763523619894423,
            "id": [
                "H0036744",
                "H0036740"
            ]
        },
        "\u798f\u5ca1\u770c": {
            "data": 1.1270344606128377,
            "id": [
                "H0037081"
            ]
        },
        "\u5bcc\u5c71\u770c": {
            "data": 1.1270344606128377,
            "id": [
                "H0036571"
            ]
        },
        "\u9577\u91ce\u770c": {
            "data": 8.11938546673887,
            "id": [
                "H0036613",
                "H0036609",
                "H0015940",
                "H0036608",
                "H0029999"
            ]
        },
        "\u5e83\u5cf6\u770c": {
            "data": 1.1270344606128377,
            "id": [
                "H0036960"
            ]
        },
        "\u9999\u5ddd\u770c": {
            "data": 4.623209963675852,
            "id": [
                "H0037003",
                "H0037006",
                "H0037007"
            ]
        },
        "\u5927\u5206\u770c": {
            "data": 1.1270344606128377,
            "id": [
                "H0037131"
            ]
        },
        "\u6771\u4eac\u90fd": {
            "data": 12.070161296111614,
            "id": [
                "H0036520"
            ]
        },
        "\u4e09\u91cd\u770c": {
            "data": 12.070161296111614,
            "id": [
                "H0036745"
            ]
        },
        "\u9e7f\u5150\u5cf6\u770c": {
            "data": 12.070161296111614,
            "id": [
                "H0009521"
            ]
        },
        "\u5ca9\u624b\u770c": {
            "data": 37.72290821705306,
            "id": [
                "K0006435",
                "K0006434",
                "K0006433",
                "H0036290",
                "H0036291",
                "H0036292",
                "H0036305"
            ]
        },
        "\u6ecb\u8cc0\u770c": {
            "data": 5.244263254594522,
            "id": [
                "H0017833",
                "H0017832",
                "H0011973"
            ]
        },
        "\u5c71\u5f62\u770c": {
            "data": 5.244263254594522,
            "id": [
                "H0014910",
                "H0025883",
                "H0014911"
            ]
        },
        "\u5948\u826f\u770c": {
            "data": 1.7480877515315072,
            "id": [
                "H0036825"
            ]
        },
        "\u8328\u57ce\u770c": {
            "data": 3.4961755030630144,
            "id": [
                "H0036446",
                "H0036445"
            ]
        },
        "\u5ca1\u5c71\u770c": {
            "data": 1.7480877515315072,
            "id": [
                "H0036954"
            ]
        },
        "\u65b0\u6f5f\u770c": {
            "data": 1.7480877515315072,
            "id": [
                "H0036562"
            ]
        },
        "\u7fa4\u99ac\u770c": {
            "data": 1.7480877515315072,
            "id": [
                "H0036489"
            ]
        },
        "\u4eac\u90fd\u5e9c": {
            "data": 38.44834846122846,
            "id": [
                "H0036767",
                "H0036768",
                "H0036771",
                "H0036770",
                "H0036786"
            ]
        }
    },
    "received": {
        "1978": {
            "data": 263.52474185413524,
            "id": [
                "H0036805",
                "H0037375",
                "H0036685",
                "H0036803",
                "H0034651",
                "H0036541",
                "H0036584",
                "H0037023",
                "H0036885",
                "H0036588",
                "H0036950",
                "H0036880",
                "H0037131",
                "H0036613",
                "H0037081",
                "H0036744",
                "H0036697",
                "H0036698",
                "H0036537",
                "H0036960",
                "H0037003",
                "H0036640",
                "H0037024",
                "H0036571",
                "H0036745",
                "H0036520",
                "H0036446",
                "H0036825",
                "H0036562",
                "H0036489",
                "H0037059",
                "H0037006",
                "H0036265",
                "H0036445",
                "H0036609",
                "H0036954",
                "H0037007",
                "H0036608",
                "H0037058",
                "H0036654",
                "H0036647",
                "H0036661",
                "H0036671",
                "H0036662",
                "H0036770",
                "H0036651",
                "H0036291",
                "H0037287",
                "H0036767",
                "H0036648",
                "H0036768",
                "H0036290",
                "H0036771",
                "H0036305",
                "H0036656",
                "H0036668",
                "H0036292",
                "H0036669",
                "H0036660",
                "H0036652",
                "H0036646",
                "H0036670",
                "H0036740",
                "H0036641",
                "H0036643",
                "H0036642",
                "H0036786"
            ]
        },
        "1977": {
            "data": 49.75979297604037,
            "id": [
                "H0009521",
                "K0006435",
                "K0006434",
                "K0006433",
                "H0011973",
                "K0006981"
            ]
        },
        "1975": {
            "data": 15.4165835646227,
            "id": [
                "H0017833",
                "H0029810",
                "H0025883",
                "H0014911",
                "H0014910",
                "H0017832",
                "H0029999",
                "H0015940",
                "H0015437"
            ]
        }
    },
    "race": {
        "\u65e5\u672c": {
            "data": 280.6894131702894,
            "id": [
                "H0036805",
                "H0037375",
                "H0036685",
                "H0036803",
                "H0034651",
                "H0036541",
                "H0036584",
                "H0037023",
                "H0036885",
                "H0036588",
                "H0036950",
                "H0036880",
                "H0037131",
                "H0036613",
                "H0037081",
                "H0036744",
                "H0036697",
                "H0036698",
                "H0036537",
                "H0036960",
                "H0037003",
                "H0036640",
                "H0037024",
                "H0036571",
                "H0036745",
                "H0036520",
                "H0036446",
                "H0036825",
                "H0036489",
                "H0029810",
                "H0025883",
                "H0014911",
                "H0037006",
                "H0017833",
                "H0011973",
                "H0036562",
                "H0036265",
                "H0036445",
                "H0036609",
                "H0036954",
                "H0014910",
                "H0029999",
                "H0017832",
                "H0037007",
                "H0036608",
                "H0037059",
                "H0015940",
                "H0037058",
                "H0036654",
                "H0036647",
                "H0036661",
                "H0036662",
                "H0036671",
                "H0036770",
                "H0036651",
                "H0036291",
                "H0037287",
                "H0036767",
                "H0036648",
                "H0015437",
                "H0036768",
                "H0036290",
                "H0036771",
                "H0036305",
                "H0036656",
                "H0036668",
                "H0036292",
                "H0036669",
                "H0036660",
                "H0036652",
                "H0036646",
                "H0036670",
                "H0036740",
                "H0036641",
                "H0036643",
                "H0036642",
                "H0036786"
            ]
        },
        "null": {
            "data": 48.01170522450889,
            "id": [
                "H0009521",
                "K0006435",
                "K0006434",
                "K0006433",
                "K0006981"
            ]
        }
    },
    "OCM": {
        "527": {
            "data": 42.709322564544586,
            "id": [
                "H0037375",
                "H0036541",
                "H0036584",
                "H0037023",
                "H0036885",
                "H0036588",
                "H0037081",
                "H0037024",
                "H0009521",
                "H0036446",
                "H0036562",
                "H0029810",
                "H0014911",
                "H0014910",
                "H0036445",
                "H0036609",
                "H0036954",
                "H0036608",
                "H0037058",
                "K0006981"
            ]
        },
        "342": {
            "data": 7.708333285707163,
            "id": [
                "H0036805",
                "H0036803"
            ]
        },
        "796": {
            "data": 119.55045262963698,
            "id": [
                "H0036805",
                "H0036803",
                "H0034651",
                "H0036685",
                "H0036541",
                "H0037023",
                "H0036588",
                "H0036885",
                "H0036950",
                "H0036880",
                "H0036613",
                "H0037081",
                "H0036697",
                "H0036698",
                "H0036537",
                "H0036960",
                "H0036640",
                "H0037024",
                "H0009521",
                "H0036745",
                "H0036520",
                "K0006435",
                "K0006434",
                "K0006433",
                "H0036825",
                "H0037059",
                "H0036656",
                "H0036651",
                "H0036652",
                "H0036654",
                "H0036647",
                "H0036291",
                "H0036668",
                "H0036669",
                "H0037287",
                "H0036648",
                "H0036292",
                "H0015437",
                "H0036646",
                "H0036661",
                "H0036671",
                "H0036660",
                "H0036290",
                "H0036662",
                "H0036670",
                "H0036305",
                "H0036740",
                "H0036641",
                "H0036643",
                "H0036642",
                "H0036786"
            ]
        },
        "778": {
            "data": 21.120462839275326,
            "id": [
                "H0036685",
                "H0036613",
                "H0036697",
                "H0036698",
                "H0036537",
                "H0036960",
                "H0036571",
                "H0036745",
                "H0036489",
                "H0029810",
                "H0025883",
                "H0017832",
                "H0017833",
                "H0036609",
                "H0015940",
                "H0036608",
                "H0036668",
                "H0036671",
                "H0036670",
                "H0036669"
            ]
        },
        "852": {
            "data": 4.364933413790177,
            "id": [
                "H0036584"
            ]
        },
        "585": {
            "data": 2.082749168720434,
            "id": [
                "H0036744",
                "H0014910",
                "H0014911"
            ]
        },
        "535": {
            "data": 57.78540466972145,
            "id": [
                "H0036880",
                "H0036960",
                "H0036950",
                "K0006435",
                "K0006434",
                "K0006433",
                "H0036291",
                "H0036767",
                "H0036292",
                "H0036768",
                "H0036290",
                "H0036771",
                "H0036770",
                "H0036305",
                "H0036740",
                "H0036641",
                "H0036643",
                "H0036642",
                "H0036786"
            ]
        },
        "354": {
            "data": 1.7531647165088582,
            "id": [
                "H0036640",
                "H0037131",
                "H0037003"
            ]
        },
        "769": {
            "data": 1.1687764776725724,
            "id": [
                "H0037131",
                "H0037003"
            ]
        },
        "241": {
            "data": 9.668009059414569,
            "id": [
                "H0036745",
                "H0036489",
                "H0014911",
                "H0014910",
                "H0037059",
                "H0017833",
                "H0017832"
            ]
        },
        "532": {
            "data": 5.922106734704194,
            "id": [
                "H0009521",
                "H0025883"
            ]
        },
        "292": {
            "data": 21.572068086438804,
            "id": [
                "K0006435",
                "K0006434",
                "K0006433",
                "H0036786"
            ]
        },
        "524": {
            "data": 2.2475413948262224,
            "id": [
                "H0036562",
                "H0037059",
                "H0029999"
            ]
        },
        "789": {
            "data": 8.44124471047924,
            "id": [
                "H0036446",
                "H0014911",
                "H0014910",
                "H0037059",
                "H0036265",
                "H0036445",
                "H0037058",
                "K0006981"
            ]
        },
        "842": {
            "data": 1.498360929884149,
            "id": [
                "H0014910",
                "H0014911"
            ]
        },
        "322": {
            "data": 4.495082789652445,
            "id": [
                "H0025883",
                "H0017833",
                "H0036609",
                "H0017832",
                "H0036954",
                "H0036608"
            ]
        },
        "751": {
            "data": 0.7491804649420745,
            "id": [
                "H0036825"
            ]
        },
        "764": {
            "data": 1.498360929884149,
            "id": [
                "H0037006",
                "H0037007"
            ]
        },
        "224": {
            "data": 0.7491804649420745,
            "id": [
                "H0036265"
            ]
        },
        "412": {
            "data": 3.241995967631647,
            "id": [
                "H0036651",
                "H0036647",
                "H0036648",
                "H0015437",
                "H0036646"
            ]
        },
        "411": {
            "data": 7.780790322315954,
            "id": [
                "H0036656",
                "H0036651",
                "H0036652",
                "H0036654",
                "H0036291",
                "H0036767",
                "H0036292",
                "H0036768",
                "H0036290",
                "H0036771",
                "H0036770",
                "H0036305"
            ]
        },
        "293": {
            "data": 1.2967983870526583,
            "id": [
                "H0037287",
                "H0036662"
            ]
        },
        "534": {
            "data": 1.2967983870526583,
            "id": [
                "H0036661",
                "H0036660"
            ]
        }
    },
    "OWC": {
        "AB12": {
            "data": 7.9147543800972455,
            "id": [
                "H0037375",
                "H0036265"
            ]
        },
        "AB37": {
            "data": 12.333333257131464,
            "id": [
                "H0036805",
                "H0036803"
            ]
        },
        "AB33": {
            "data": 76.36734232617925,
            "id": [
                "H0036685",
                "H0036640",
                "H0036697",
                "H0036698",
                "H0036656",
                "H0036651",
                "H0036652",
                "H0036654",
                "H0036647",
                "H0036668",
                "H0036669",
                "H0037287",
                "H0036648",
                "H0015437",
                "H0036646",
                "H0036661",
                "H0036671",
                "H0036660",
                "H0036662",
                "H0036670",
                "H0036641",
                "H0036643",
                "H0036642"
            ]
        },
        "AB40": {
            "data": 6.166666628565732,
            "id": [
                "H0034651"
            ]
        },
        "AB28": {
            "data": 8.729866827580354,
            "id": [
                "H0036588"
            ]
        },
        "AB24": {
            "data": 9.856901288193196,
            "id": [
                "H0036541",
                "H0036537"
            ]
        },
        "AB27": {
            "data": 8.729866827580354,
            "id": [
                "H0036584"
            ]
        },
        "AB42": {
            "data": 10.983935748806028,
            "id": [
                "H0036885",
                "H0036880",
                "H0036950"
            ]
        },
        "AB48": {
            "data": 16.86653826749376,
            "id": [
                "H0037023",
                "H0037024",
                "H0037059",
                "H0037058",
                "K0006981"
            ]
        },
        "AB31": {
            "data": 15.763523619894423,
            "id": [
                "H0036744",
                "H0036740"
            ]
        },
        "AB50": {
            "data": 1.1270344606128377,
            "id": [
                "H0037081"
            ]
        },
        "AB26": {
            "data": 1.1270344606128377,
            "id": [
                "H0036571"
            ]
        },
        "AB30": {
            "data": 8.11938546673887,
            "id": [
                "H0036613",
                "H0036609",
                "H0015940",
                "H0036608",
                "H0029999"
            ]
        },
        "AB44": {
            "data": 1.1270344606128377,
            "id": [
                "H0036960"
            ]
        },
        "AB47": {
            "data": 4.623209963675852,
            "id": [
                "H0037003",
                "H0037006",
                "H0037007"
            ]
        },
        "AB54": {
            "data": 1.1270344606128377,
            "id": [
                "H0037131"
            ]
        },
        "AB23": {
            "data": 12.070161296111614,
            "id": [
                "H0036520"
            ]
        },
        "AB34": {
            "data": 12.070161296111614,
            "id": [
                "H0036745"
            ]
        },
        "AB56": {
            "data": 14.700935909996147,
            "id": [
                "H0009521",
                "K0006981"
            ]
        },
        "AB13": {
            "data": 37.72290821705306,
            "id": [
                "K0006435",
                "K0006434",
                "K0006433",
                "H0036290",
                "H0036291",
                "H0036292",
                "H0036305"
            ]
        },
        "AB35": {
            "data": 5.244263254594522,
            "id": [
                "H0017833",
                "H0017832",
                "H0011973"
            ]
        },
        "AB16": {
            "data": 5.244263254594522,
            "id": [
                "H0014910",
                "H0025883",
                "H0014911"
            ]
        },
        "AB39": {
            "data": 1.7480877515315072,
            "id": [
                "H0036825"
            ]
        },
        "AB18": {
            "data": 3.4961755030630144,
            "id": [
                "H0036446",
                "H0036445"
            ]
        },
        "AB43": {
            "data": 1.7480877515315072,
            "id": [
                "H0036954"
            ]
        },
        "AB25": {
            "data": 1.7480877515315072,
            "id": [
                "H0036562"
            ]
        },
        "AB20": {
            "data": 1.7480877515315072,
            "id": [
                "H0036489"
            ]
        },
        "AB1": {
            "data": 1.7480877515315072,
            "id": [
                "H0029810"
            ]
        },
        "AB36": {
            "data": 38.44834846122846,
            "id": [
                "H0036767",
                "H0036768",
                "H0036771",
                "H0036770",
                "H0036786"
            ]
        }
    }
}
