{
    "tag": {
        "\u306d\u3076\u305f": {
            "data": 2.658904141308666,
            "id": [
                "H0037375"
            ]
        },
        "\u796d": {
            "data": 8.171242875229582,
            "id": [
                "H0036805",
                "H0036803",
                "H0036685",
                "H0034651",
                "H0036885",
                "H0036613",
                "H0036697",
                "H0036537",
                "H0036698",
                "H0036786",
                "H0009521",
                "H0036520",
                "H0036745",
                "H0037059",
                "H0036825",
                "H0036562"
            ]
        },
        "\u7df4\u308a\u7269": {
            "data": 1.5015084688149203,
            "id": [
                "H0037375",
                "H0009521"
            ]
        },
        "\u4e0a\u68df\u5f0f": {
            "data": 2.658904141308666,
            "id": [
                "H0036803",
                "H0036805"
            ]
        },
        "\u5fa1\u5e63": {
            "data": 2.658904141308666,
            "id": [
                "H0036805",
                "H0036803"
            ]
        },
        "\u68b5\u5929": {
            "data": 1.551833890260507,
            "id": [
                "H0036685",
                "H0036613"
            ]
        },
        "\u82b1\u796d\u308a": {
            "data": 1.7742157098666809,
            "id": [
                "H0036685",
                "H0036697",
                "H0036698"
            ]
        },
        "\u6247\u5b50": {
            "data": 1.329452070654333,
            "id": [
                "H0034651"
            ]
        },
        "\u9053\u5177": {
            "data": 2.5443898830983867,
            "id": [
                "H0034651",
                "H0036885",
                "H0017832",
                "H0036446",
                "H0017833",
                "H0036445",
                "H0011973"
            ]
        },
        "\u795e\u8f3f": {
            "data": 1.551833890260507,
            "id": [
                "H0034651",
                "H0036537"
            ]
        },
        "\u5e74\u4e2d\u884c\u4e8b": {
            "data": 5.203979372863242,
            "id": [
                "H0036541",
                "H0036584",
                "H0037023",
                "H0036588",
                "H0037081",
                "H0036571",
                "H0037003",
                "H0037024",
                "H0037131",
                "H0036640",
                "H0029810",
                "H0036489"
            ]
        },
        "\u6b63\u6708": {
            "data": 4.426826936872492,
            "id": [
                "H0036541",
                "H0037023",
                "H0036584",
                "H0036588",
                "H0036571",
                "H0037081",
                "H0037024"
            ]
        },
        "\u4f9b\u7269": {
            "data": 2.8197611085404763,
            "id": [
                "H0036541",
                "H0037023",
                "H0036588"
            ]
        },
        "\u5ea7": {
            "data": 1.8798407390269853,
            "id": [
                "H0036541",
                "H0036588"
            ]
        },
        "\u5e74\u795e": {
            "data": 1.8798407390269853,
            "id": [
                "H0036541",
                "H0036588"
            ]
        },
        "\u30b3\u30d4\u30fc": {
            "data": 1.8798407390269853,
            "id": [
                "H0036584",
                "H0036588"
            ]
        },
        "\u30ad\u30cd\u30de\u30ad*": {
            "data": 0.9399203695134927,
            "id": [
                "H0036584"
            ]
        },
        "\u9f8d\u5bae": {
            "data": 0.9399203695134927,
            "id": [
                "H0036885"
            ]
        },
        "\u68da": {
            "data": 0.9399203695134927,
            "id": [
                "H0037023"
            ]
        },
        "\u6ce8\u9023\u7e04": {
            "data": 0.6671454588185219,
            "id": [
                "H0036744",
                "H0037081",
                "H0037024"
            ]
        },
        "\u7d50\u5a5a\u5f0f": {
            "data": 0.22238181960617398,
            "id": [
                "H0036744"
            ]
        },
        "\u304a\u5bae*": {
            "data": 0.22238181960617398,
            "id": [
                "H0036537"
            ]
        },
        "\u4f9d\u308a\u4ee3": {
            "data": 0.22238181960617398,
            "id": [
                "H0036571"
            ]
        },
        "\u6e6f\u84cb*": {
            "data": 0.22238181960617398,
            "id": [
                "H0036697"
            ]
        },
        "\u6f54": {
            "data": 0.22238181960617398,
            "id": [
                "H0036613"
            ]
        },
        "\u7389": {
            "data": 0.22238181960617398,
            "id": [
                "H0036950"
            ]
        },
        "\u6b73\u5fb3\u795e": {
            "data": 0.22238181960617398,
            "id": [
                "H0036571"
            ]
        },
        "\u795e\u697d": {
            "data": 0.44476363921234796,
            "id": [
                "H0036960",
                "H0036950"
            ]
        },
        "\u5927\u5143\u795e\u697d*": {
            "data": 0.22238181960617398,
            "id": [
                "H0036880"
            ]
        },
        "\u5929\u84cb": {
            "data": 0.44476363921234796,
            "id": [
                "H0036960",
                "H0036880"
            ]
        },
        "\u767d\u84cb*": {
            "data": 0.22238181960617398,
            "id": [
                "H0036698"
            ]
        },
        "\u84cb": {
            "data": 0.22238181960617398,
            "id": [
                "H0036950"
            ]
        },
        "\u8352\u795e": {
            "data": 0.22238181960617398,
            "id": [
                "H0036960"
            ]
        },
        "\u706f\u7c60": {
            "data": 0.6671454588185219,
            "id": [
                "H0036640",
                "H0037003",
                "H0037131"
            ]
        },
        "\u76c6": {
            "data": 0.6671454588185219,
            "id": [
                "H0036640",
                "H0037003",
                "H0037131"
            ]
        },
        "\u96a0\u5c90": {
            "data": 0.22238181960617398,
            "id": [
                "H0036950"
            ]
        },
        "\u5ff5\u4ecf\u8e0a\u308a": {
            "data": 0.22238181960617398,
            "id": [
                "H0036640"
            ]
        },
        "\u3084\u3059\u3089\u3044\u796d": {
            "data": 0.34280728443396424,
            "id": [
                "H0036786"
            ]
        },
        "\u82b1\u5098*": {
            "data": 0.34280728443396424,
            "id": [
                "H0036786"
            ]
        },
        "\u98fe\u308a\u7269*": {
            "data": 0.17205639816058702,
            "id": [
                "H0036520"
            ]
        },
        "\u6765\u8fce": {
            "data": 0.17205639816058702,
            "id": [
                "H0036520"
            ]
        },
        "\u4f5c\u308a*": {
            "data": 0.17205639816058702,
            "id": [
                "H0036520"
            ]
        },
        "\u82b1": {
            "data": 0.17205639816058702,
            "id": [
                "H0036520"
            ]
        },
        "\u3046\u3061\u308f": {
            "data": 0.17205639816058702,
            "id": [
                "H0036745"
            ]
        },
        "\u7530\u690d\u3048": {
            "data": 0.17205639816058702,
            "id": [
                "H0036745"
            ]
        },
        "\u884c\u4e8b": {
            "data": 0.17205639816058702,
            "id": [
                "H0036745"
            ]
        },
        "\u3055\u3057": {
            "data": 0.17205639816058702,
            "id": [
                "H0036745"
            ]
        },
        "\u3084\u3054\u308d*": {
            "data": 0.17205639816058702,
            "id": [
                "H0009521"
            ]
        },
        "\u7d75\u99ac": {
            "data": 7.398425120905241,
            "id": [
                "H0020372",
                "H0020339",
                "H0021762",
                "H0015080",
                "H0015296",
                "H0015065",
                "H0020363",
                "H0015041",
                "H0015205",
                "H0015060",
                "H0015083",
                "H0015055",
                "H0015032",
                "H0015034",
                "H0015033",
                "H0015038",
                "H0021757",
                "H0020350",
                "H0015036",
                "H0020360",
                "H0015049",
                "H0020351",
                "H0021761",
                "H0015168",
                "H0015039",
                "H0026891",
                "H0015289",
                "H0015167",
                "H0020368",
                "H0015059",
                "H0020352",
                "H0020365",
                "H0015030",
                "H0015169",
                "H0015031",
                "H0015037",
                "H0020361",
                "H0020358",
                "H0015035",
                "H0024926",
                "H0015071",
                "H0015070",
                "H0015368"
            ]
        },
        "\u3046\u3069\u3093": {
            "data": 0.17205639816058702,
            "id": [
                "H0009521"
            ]
        },
        "\u8349\u978b": {
            "data": 0.17205639816058702,
            "id": [
                "H0084913"
            ]
        },
        "12": {
            "data": 1.7205639816058702,
            "id": [
                "H0015032",
                "H0015030",
                "H0015034",
                "H0015033",
                "H0015031",
                "H0015039",
                "H0015037",
                "H0015038",
                "H0015035",
                "H0015036"
            ]
        },
        "\u652f": {
            "data": 1.7205639816058702,
            "id": [
                "H0015032",
                "H0015030",
                "H0015034",
                "H0015033",
                "H0015031",
                "H0015039",
                "H0015037",
                "H0015038",
                "H0015035",
                "H0015036"
            ]
        },
        "\u30ad\u30c4\u30cd": {
            "data": 0.34411279632117403,
            "id": [
                "H0015070",
                "H0015049"
            ]
        },
        "\u767d\u9df9": {
            "data": 0.17205639816058702,
            "id": [
                "H0015368"
            ]
        },
        "\u30a6\u30b7": {
            "data": 0.2820633753328119,
            "id": [
                "H0015289",
                "H0029999",
                "H0015940"
            ]
        },
        "\u9df9": {
            "data": 0.34411279632117403,
            "id": [
                "H0015083",
                "H0015296"
            ]
        },
        "\u30cb\u30ef\u30c8\u30ea": {
            "data": 0.34411279632117403,
            "id": [
                "H0015059",
                "H0015065"
            ]
        },
        "\u9ce9": {
            "data": 0.17205639816058702,
            "id": [
                "H0015071"
            ]
        },
        "\u89aa\u5b50": {
            "data": 0.17205639816058702,
            "id": [
                "H0020350"
            ]
        },
        "\u30a6\u30ca\u30ae": {
            "data": 0.17205639816058702,
            "id": [
                "H0015080"
            ]
        },
        "\u30d8\u30d3": {
            "data": 0.17205639816058702,
            "id": [
                "H0015055"
            ]
        },
        "\u793c\u62dd": {
            "data": 0.17205639816058702,
            "id": [
                "H0020350"
            ]
        },
        "\u30b7\u30ab": {
            "data": 0.7613490783552204,
            "id": [
                "K0006435",
                "K0006434",
                "K0006433"
            ]
        },
        "\u8e0a\u308a": {
            "data": 0.7613490783552204,
            "id": [
                "K0006435",
                "K0006434",
                "K0006433"
            ]
        },
        "\u9762": {
            "data": 0.7613490783552204,
            "id": [
                "K0006435",
                "K0006434",
                "K0006433"
            ]
        },
        "\u88c5\u675f*": {
            "data": 0.7613490783552204,
            "id": [
                "K0006435",
                "K0006434",
                "K0006433"
            ]
        },
        "\u30b5\u30af\u30e9": {
            "data": 0.25378302611840675,
            "id": [
                "K0006433"
            ]
        },
        "\u30de\u30c4": {
            "data": 0.25378302611840675,
            "id": [
                "K0006434"
            ]
        },
        "\u30a6\u30e1": {
            "data": 0.25378302611840675,
            "id": [
                "K0006435"
            ]
        },
        "\u4eba\u5f62": {
            "data": 0.8800558173777986,
            "id": [
                "H0029999",
                "H0036825",
                "H0015940",
                "H0036608",
                "H0036562",
                "H0036265",
                "H0036609",
                "H0036445",
                "H0036446",
                "H0036489",
                "H0036954",
                "H0037059",
                "H0037007",
                "H0037006"
            ]
        },
        "\u5c71\u306e\u795e": {
            "data": 0.22001395434444965,
            "id": [
                "H0025883",
                "H0017832",
                "H0017833",
                "H0011973"
            ]
        },
        "\u795d\u3044*": {
            "data": 0.11000697717222482,
            "id": [
                "H0014910",
                "H0014911"
            ]
        },
        "\u68d2": {
            "data": 0.11000697717222482,
            "id": [
                "H0014910",
                "H0014911"
            ]
        },
        "\u4fe1\u4ef0": {
            "data": 0.4950313972750118,
            "id": [
                "H0017832",
                "H0036608",
                "H0036609",
                "H0036446",
                "H0017833",
                "H0036445",
                "H0011973",
                "H0029810",
                "H0036954"
            ]
        },
        "\u9053\u7956\u795e": {
            "data": 0.11000697717222482,
            "id": [
                "H0036609",
                "H0036608"
            ]
        },
        "\u82e5\u5bae": {
            "data": 0.05500348858611241,
            "id": [
                "H0036825"
            ]
        },
        "\u5927\u52a9": {
            "data": 0.11000697717222482,
            "id": [
                "H0036445",
                "H0036446"
            ]
        },
        "\u5b9f\u76db*": {
            "data": 0.05500348858611241,
            "id": [
                "H0037059"
            ]
        },
        "\u937e\u9997": {
            "data": 0.05500348858611241,
            "id": [
                "H0036562"
            ]
        },
        "\u795e": {
            "data": 0.05500348858611241,
            "id": [
                "H0036954"
            ]
        },
        "\u866b\u9001\u308a": {
            "data": 0.05500348858611241,
            "id": [
                "H0037059"
            ]
        },
        "\u91cc": {
            "data": 0.05500348858611241,
            "id": [
                "H0036954"
            ]
        },
        "\u5f6b\u523b": {
            "data": 0.11000697717222482,
            "id": [
                "H0029810",
                "H0025883"
            ]
        },
        "\u5730\u8535\u83e9\u85a9": {
            "data": 0.11000697717222482,
            "id": [
                "H0037006",
                "H0037007"
            ]
        },
        "\u5c0f\u6b63\u6708": {
            "data": 0.05500348858611241,
            "id": [
                "H0036489"
            ]
        },
        "\u5165\u9053": {
            "data": 0.05500348858611241,
            "id": [
                "H0029810"
            ]
        },
        "\u304b\u304b\u3057": {
            "data": 0.05500348858611241,
            "id": [
                "H0036489"
            ]
        }
    },
    "country": {
        "\u65e5\u672c": {
            "data": 75.08128479982771,
            "id": [
                "H0034651",
                "H0037375",
                "H0036803",
                "H0036805",
                "H0036685",
                "H0036584",
                "H0036541",
                "H0036588",
                "H0036885",
                "H0037023",
                "H0036960",
                "H0037081",
                "H0036537",
                "H0036571",
                "H0036950",
                "H0037024",
                "H0037003",
                "H0036744",
                "H0037131",
                "H0036613",
                "H0036698",
                "H0036880",
                "H0036697",
                "H0036640",
                "H0036786",
                "H0020372",
                "H0020339",
                "H0021762",
                "H0015080",
                "H0015296",
                "H0015065",
                "H0015041",
                "H0020363",
                "H0015205",
                "H0015368",
                "H0015060",
                "H0015083",
                "H0015055",
                "H0015032",
                "H0015034",
                "H0015033",
                "H0015038",
                "H0021757",
                "H0020350",
                "H0015036",
                "H0020360",
                "H0015049",
                "H0020351",
                "H0021761",
                "H0015168",
                "H0015039",
                "H0026891",
                "H0015289",
                "H0015167",
                "H0020368",
                "H0015059",
                "H0036520",
                "H0020352",
                "H0020365",
                "H0084913",
                "H0015030",
                "H0015169",
                "H0015031",
                "H0009521",
                "H0015037",
                "H0020361",
                "H0020358",
                "H0015035",
                "H0015071",
                "H0015070",
                "H0036745",
                "K0006435",
                "K0006434",
                "K0006433",
                "H0036608",
                "H0025883",
                "H0037006",
                "H0036265",
                "H0036446",
                "H0017833",
                "H0014910",
                "H0037007",
                "H0017832",
                "H0036825",
                "H0036562",
                "H0014911",
                "H0029810",
                "H0036489",
                "H0029999",
                "H0015940",
                "H0036609",
                "H0036445",
                "H0011973",
                "H0036954",
                "H0037059"
            ]
        }
    },
    "region": {
        "\u5927\u962a\u5e9c": {
            "data": 8.508493252187732,
            "id": [
                "H0036805",
                "H0036803"
            ]
        },
        "\u9752\u68ee\u770c": {
            "data": 4.416637878110007,
            "id": [
                "H0037375",
                "H0036265"
            ]
        },
        "\u611b\u77e5\u770c": {
            "data": 7.302727668710882,
            "id": [
                "H0036685",
                "H0036697",
                "H0036640",
                "H0036698",
                "H0015167",
                "H0015168",
                "H0015169"
            ]
        },
        "\u548c\u6b4c\u5c71\u770c": {
            "data": 4.254246626093866,
            "id": [
                "H0034651"
            ]
        },
        "\u798f\u4e95\u770c": {
            "data": 4.135649625859369,
            "id": [
                "H0036588"
            ]
        },
        "\u77f3\u5ddd\u770c": {
            "data": 4.135649625859369,
            "id": [
                "H0036584"
            ]
        },
        "\u795e\u5948\u5ddd\u770c": {
            "data": 4.8186795003640475,
            "id": [
                "H0036541",
                "H0036537"
            ]
        },
        "\u5cf6\u6839\u770c": {
            "data": 5.501709374868723,
            "id": [
                "H0036885",
                "H0036880",
                "H0036950"
            ]
        },
        "\u611b\u5a9b\u770c": {
            "data": 4.981070752380188,
            "id": [
                "H0037023",
                "H0037024",
                "H0037059"
            ]
        },
        "\u5c90\u961c\u770c": {
            "data": 0.683029874504677,
            "id": [
                "H0036744"
            ]
        },
        "\u798f\u5ca1\u770c": {
            "data": 1.0161603475390049,
            "id": [
                "H0037081",
                "H0015368"
            ]
        },
        "\u5bcc\u5c71\u770c": {
            "data": 0.683029874504677,
            "id": [
                "H0036571"
            ]
        },
        "\u9577\u91ce\u770c": {
            "data": 1.3325948825692426,
            "id": [
                "H0036613",
                "H0029999",
                "H0015940",
                "H0036608",
                "H0036609"
            ]
        },
        "\u5e83\u5cf6\u770c": {
            "data": 0.683029874504677,
            "id": [
                "H0036960"
            ]
        },
        "\u5927\u5206\u770c": {
            "data": 0.683029874504677,
            "id": [
                "H0037131"
            ]
        },
        "\u9999\u5ddd\u770c": {
            "data": 1.00781237853696,
            "id": [
                "H0037003",
                "H0037006",
                "H0037007"
            ]
        },
        "\u4eac\u90fd\u5e9c": {
            "data": 1.0284218533018925,
            "id": [
                "H0036786"
            ]
        },
        "\u6771\u4eac\u90fd": {
            "data": 2.6650437842746246,
            "id": [
                "H0015070",
                "H0015049",
                "H0015296",
                "H0015205",
                "H0026891",
                "H0015289",
                "H0015083",
                "H0036520"
            ]
        },
        "\u4e09\u91cd\u770c": {
            "data": 0.3331304730343281,
            "id": [
                "H0036745"
            ]
        },
        "\u9e7f\u5150\u5cf6\u770c": {
            "data": 0.6662609460686562,
            "id": [
                "H0084913",
                "H0009521"
            ]
        },
        "\u5ca9\u624b\u770c": {
            "data": 5.139267283913413,
            "id": [
                "H0020363",
                "H0020361",
                "H0020358",
                "H0020360",
                "K0006435",
                "K0006434",
                "K0006433"
            ]
        },
        "\u9759\u5ca1\u770c": {
            "data": 3.3313047303432803,
            "id": [
                "H0015032",
                "H0015030",
                "H0015034",
                "H0015033",
                "H0015031",
                "H0015039",
                "H0015037",
                "H0015038",
                "H0015035",
                "H0015036"
            ]
        },
        "\u57fc\u7389\u770c": {
            "data": 1.6656523651716402,
            "id": [
                "H0020339",
                "H0015080",
                "H0015065",
                "H0015041",
                "H0015071"
            ]
        },
        "\u5343\u8449\u770c": {
            "data": 0.3331304730343281,
            "id": [
                "H0020368"
            ]
        },
        "\u5c71\u5f62\u770c": {
            "data": 0.4871737560484241,
            "id": [
                "H0014910",
                "H0014911",
                "H0025883"
            ]
        },
        "\u6ecb\u8cc0\u770c": {
            "data": 0.4871737560484241,
            "id": [
                "H0017832",
                "H0017833",
                "H0011973"
            ]
        },
        "\u5948\u826f\u770c": {
            "data": 0.1623912520161414,
            "id": [
                "H0036825"
            ]
        },
        "\u65b0\u6f5f\u770c": {
            "data": 0.1623912520161414,
            "id": [
                "H0036562"
            ]
        },
        "\u8328\u57ce\u770c": {
            "data": 0.3247825040322828,
            "id": [
                "H0036445",
                "H0036446"
            ]
        },
        "\u5ca1\u5c71\u770c": {
            "data": 0.1623912520161414,
            "id": [
                "H0036954"
            ]
        },
        "\u7fa4\u99ac\u770c": {
            "data": 0.1623912520161414,
            "id": [
                "H0036489"
            ]
        }
    },
    "received": {
        "1978": {
            "data": 55.155277326395904,
            "id": [
                "H0034651",
                "H0037375",
                "H0036803",
                "H0036805",
                "H0036685",
                "H0036584",
                "H0036541",
                "H0036588",
                "H0036885",
                "H0037023",
                "H0036960",
                "H0037081",
                "H0036537",
                "H0036571",
                "H0036950",
                "H0037024",
                "H0037003",
                "H0036744",
                "H0037131",
                "H0036613",
                "H0036698",
                "H0036880",
                "H0036697",
                "H0036640",
                "H0036786",
                "H0036520",
                "H0036745",
                "H0036825",
                "H0036608",
                "H0036265",
                "H0036562",
                "H0036609",
                "H0036445",
                "H0036446",
                "H0036489",
                "H0036954",
                "H0037059",
                "H0037007",
                "H0037006"
            ]
        },
        "1977": {
            "data": 4.302267116826571,
            "id": [
                "H0009521",
                "K0006435",
                "K0006434",
                "K0006433",
                "H0011973"
            ]
        },
        "1980": {
            "data": 0.3331304730343281,
            "id": [
                "H0084913"
            ]
        },
        "1975": {
            "data": 15.623740356605232,
            "id": [
                "H0020372",
                "H0020339",
                "H0021762",
                "H0015080",
                "H0015296",
                "H0015065",
                "H0015041",
                "H0020363",
                "H0015205",
                "H0015060",
                "H0015083",
                "H0015055",
                "H0015032",
                "H0015034",
                "H0015033",
                "H0015038",
                "H0021757",
                "H0020350",
                "H0015036",
                "H0020360",
                "H0015049",
                "H0020351",
                "H0021761",
                "H0015168",
                "H0015039",
                "H0026891",
                "H0015289",
                "H0015167",
                "H0020368",
                "H0015059",
                "H0020352",
                "H0020365",
                "H0015030",
                "H0015169",
                "H0015031",
                "H0015037",
                "H0020361",
                "H0020358",
                "H0015035",
                "H0024926",
                "H0015071",
                "H0015070",
                "H0015368",
                "H0029999",
                "H0017832",
                "H0015940",
                "H0025883",
                "H0014911",
                "H0017833",
                "H0029810",
                "H0014910"
            ]
        }
    },
    "race": {
        "\u65e5\u672c": {
            "data": 70.94140893501726,
            "id": [
                "H0034651",
                "H0037375",
                "H0036803",
                "H0036805",
                "H0036685",
                "H0036584",
                "H0036541",
                "H0036588",
                "H0036885",
                "H0037023",
                "H0036960",
                "H0037081",
                "H0036537",
                "H0036571",
                "H0036950",
                "H0037024",
                "H0037003",
                "H0036744",
                "H0037131",
                "H0036613",
                "H0036698",
                "H0036880",
                "H0036697",
                "H0036640",
                "H0036786",
                "H0020372",
                "H0020339",
                "H0021762",
                "H0015080",
                "H0015296",
                "H0015065",
                "H0015041",
                "H0020363",
                "H0015205",
                "H0015368",
                "H0015060",
                "H0015083",
                "H0015055",
                "H0015032",
                "H0015034",
                "H0015033",
                "H0015038",
                "H0021757",
                "H0020350",
                "H0015036",
                "H0020360",
                "H0015049",
                "H0020351",
                "H0021761",
                "H0015168",
                "H0015039",
                "H0026891",
                "H0015289",
                "H0015167",
                "H0020368",
                "H0015059",
                "H0036520",
                "H0020352",
                "H0020365",
                "H0084913",
                "H0015030",
                "H0015169",
                "H0015031",
                "H0015037",
                "H0020361",
                "H0020358",
                "H0015035",
                "H0015071",
                "H0015070",
                "H0036745",
                "H0025883",
                "H0036608",
                "H0037006",
                "H0036265",
                "H0036446",
                "H0017833",
                "H0014910",
                "H0037007",
                "H0017832",
                "H0036825",
                "H0036562",
                "H0014911",
                "H0036489",
                "H0029810",
                "H0029999",
                "H0015940",
                "H0036609",
                "H0036445",
                "H0011973",
                "H0036954",
                "H0037059"
            ]
        },
        "null": {
            "data": 0.004019253119309795,
            "id": [
                "H0009521",
                "H0024926"
            ]
        }
    },
    "OCM": {
        "527": {
            "data": 14.633820437778763,
            "id": [
                "H0037375",
                "H0036584",
                "H0036541",
                "H0036588",
                "H0036885",
                "H0037023",
                "H0037081",
                "H0037024",
                "H0009521",
                "H0036608",
                "H0036562",
                "H0036609",
                "H0036445",
                "H0014911",
                "H0036446",
                "H0029810",
                "H0036954",
                "H0014910"
            ]
        },
        "342": {
            "data": 5.317808282617332,
            "id": [
                "H0036805",
                "H0036803"
            ]
        },
        "796": {
            "data": 25.403861907152177,
            "id": [
                "H0036805",
                "H0036803",
                "H0036685",
                "H0034651",
                "H0036885",
                "H0036541",
                "H0037023",
                "H0036588",
                "H0036960",
                "H0037081",
                "H0036537",
                "H0036950",
                "H0037024",
                "H0036613",
                "H0036698",
                "H0036880",
                "H0036697",
                "H0036640",
                "H0036786",
                "H0084913",
                "H0009521",
                "H0036520",
                "H0036745",
                "K0006435",
                "K0006434",
                "K0006433",
                "H0037059",
                "H0036825"
            ]
        },
        "778": {
            "data": 5.6417546767945055,
            "id": [
                "H0036685",
                "H0036960",
                "H0036537",
                "H0036571",
                "H0036613",
                "H0036698",
                "H0036697",
                "H0036745",
                "H0017832",
                "H0015940",
                "H0036608",
                "H0025883",
                "H0036609",
                "H0017833",
                "H0036489",
                "H0029810"
            ]
        },
        "852": {
            "data": 2.0678248129296843,
            "id": [
                "H0036584"
            ]
        },
        "585": {
            "data": 0.49335614036017605,
            "id": [
                "H0036744",
                "H0014910",
                "H0014911"
            ]
        },
        "535": {
            "data": 2.6742133309221616,
            "id": [
                "H0036960",
                "H0036880",
                "H0036950",
                "H0036786",
                "K0006435",
                "K0006434",
                "K0006433"
            ]
        },
        "354": {
            "data": 1.0624909158961644,
            "id": [
                "H0036640",
                "H0037003",
                "H0037131"
            ]
        },
        "769": {
            "data": 0.7083272772641096,
            "id": [
                "H0037003",
                "H0037131"
            ]
        },
        "292": {
            "data": 1.912821111807025,
            "id": [
                "H0036786",
                "H0084913",
                "K0006435",
                "K0006434",
                "K0006433"
            ]
        },
        "241": {
            "data": 0.7186762019653911,
            "id": [
                "H0036745",
                "H0017832",
                "H0014911",
                "H0017833",
                "H0036489",
                "H0014910",
                "H0037059"
            ]
        },
        "532": {
            "data": 0.37069494764508787,
            "id": [
                "H0009521",
                "H0025883"
            ]
        },
        "782": {
            "data": 12.94724396158417,
            "id": [
                "H0020372",
                "H0020339",
                "H0021762",
                "H0015080",
                "H0015296",
                "H0015065",
                "H0015041",
                "H0020363",
                "H0015205",
                "H0015060",
                "H0015083",
                "H0015055",
                "H0015032",
                "H0015034",
                "H0015033",
                "H0015038",
                "H0021757",
                "H0020350",
                "H0015036",
                "H0020360",
                "H0015049",
                "H0020351",
                "H0021761",
                "H0015168",
                "H0015039",
                "H0026891",
                "H0015289",
                "H0015167",
                "H0020368",
                "H0015059",
                "H0020352",
                "H0020365",
                "H0015030",
                "H0015169",
                "H0015031",
                "H0015037",
                "H0020361",
                "H0020358",
                "H0015035",
                "H0024926",
                "H0015071",
                "H0015070",
                "H0015368"
            ]
        },
        "524": {
            "data": 0.20878875259218183,
            "id": [
                "H0029999",
                "H0037059",
                "H0036562"
            ]
        },
        "789": {
            "data": 0.41757750518436365,
            "id": [
                "H0036265",
                "H0036446",
                "H0014911",
                "H0036445",
                "H0014910",
                "H0037059"
            ]
        },
        "842": {
            "data": 0.13919250172812117,
            "id": [
                "H0014910",
                "H0014911"
            ]
        },
        "322": {
            "data": 0.41757750518436365,
            "id": [
                "H0017832",
                "H0036608",
                "H0025883",
                "H0036609",
                "H0017833",
                "H0036954"
            ]
        },
        "751": {
            "data": 0.06959625086406059,
            "id": [
                "H0036825"
            ]
        },
        "764": {
            "data": 0.13919250172812117,
            "id": [
                "H0037006",
                "H0037007"
            ]
        },
        "224": {
            "data": 0.06959625086406059,
            "id": [
                "H0036265"
            ]
        }
    },
    "OWC": {
        "AB12": {
            "data": 4.416637878110007,
            "id": [
                "H0037375",
                "H0036265"
            ]
        },
        "AB37": {
            "data": 8.508493252187732,
            "id": [
                "H0036805",
                "H0036803"
            ]
        },
        "AB33": {
            "data": 7.324453569126165,
            "id": [
                "H0036685",
                "H0036697",
                "H0036640",
                "H0036698",
                "H0015167",
                "H0015168",
                "H0015169"
            ]
        },
        "AB40": {
            "data": 4.254246626093866,
            "id": [
                "H0034651"
            ]
        },
        "AB28": {
            "data": 4.135649625859369,
            "id": [
                "H0036588"
            ]
        },
        "AB24": {
            "data": 4.8186795003640475,
            "id": [
                "H0036541",
                "H0036537"
            ]
        },
        "AB27": {
            "data": 4.135649625859369,
            "id": [
                "H0036584"
            ]
        },
        "AB42": {
            "data": 5.501709374868723,
            "id": [
                "H0036885",
                "H0036880",
                "H0036950"
            ]
        },
        "AB48": {
            "data": 4.981070752380188,
            "id": [
                "H0037023",
                "H0037024",
                "H0037059"
            ]
        },
        "AB31": {
            "data": 0.683029874504677,
            "id": [
                "H0036744"
            ]
        },
        "AB50": {
            "data": 1.0234023143440991,
            "id": [
                "H0037081",
                "H0015368"
            ]
        },
        "AB26": {
            "data": 0.683029874504677,
            "id": [
                "H0036571"
            ]
        },
        "AB30": {
            "data": 1.3325948825692426,
            "id": [
                "H0036613",
                "H0029999",
                "H0015940",
                "H0036608",
                "H0036609"
            ]
        },
        "AB44": {
            "data": 0.683029874504677,
            "id": [
                "H0036960"
            ]
        },
        "AB47": {
            "data": 1.00781237853696,
            "id": [
                "H0037003",
                "H0037006",
                "H0037007"
            ]
        },
        "AB54": {
            "data": 0.683029874504677,
            "id": [
                "H0037131"
            ]
        },
        "AB36": {
            "data": 1.0284218533018925,
            "id": [
                "H0036786"
            ]
        },
        "AB23": {
            "data": 2.722979518715377,
            "id": [
                "H0015070",
                "H0015049",
                "H0015296",
                "H0015205",
                "H0026891",
                "H0015289",
                "H0015083",
                "H0036520"
            ]
        },
        "AB34": {
            "data": 0.3403724398394221,
            "id": [
                "H0036745"
            ]
        },
        "AB56": {
            "data": 0.6807448796788442,
            "id": [
                "H0084913",
                "H0009521"
            ]
        },
        "AB13": {
            "data": 5.16823515113379,
            "id": [
                "H0020363",
                "H0020361",
                "H0020358",
                "H0020360",
                "K0006435",
                "K0006434",
                "K0006433"
            ]
        },
        "AB1": {
            "data": 3.906488090249785,
            "id": [
                "H0020372",
                "H0020365",
                "H0021762",
                "H0021761",
                "H0021757",
                "H0015055",
                "H0015060",
                "H0020350",
                "H0015059",
                "H0020352",
                "H0020351",
                "H0029810"
            ]
        },
        "AB21": {
            "data": 1.7018621991971106,
            "id": [
                "H0020339",
                "H0015080",
                "H0015065",
                "H0015041",
                "H0015071"
            ]
        },
        "AB32": {
            "data": 3.403724398394221,
            "id": [
                "H0015032",
                "H0015030",
                "H0015034",
                "H0015033",
                "H0015031",
                "H0015039",
                "H0015037",
                "H0015038",
                "H0015035",
                "H0015036"
            ]
        },
        "AB22": {
            "data": 0.3403724398394221,
            "id": [
                "H0020368"
            ]
        },
        "AB35": {
            "data": 0.4871737560484241,
            "id": [
                "H0017832",
                "H0017833",
                "H0011973"
            ]
        },
        "AB16": {
            "data": 0.4871737560484241,
            "id": [
                "H0014910",
                "H0014911",
                "H0025883"
            ]
        },
        "AB39": {
            "data": 0.1623912520161414,
            "id": [
                "H0036825"
            ]
        },
        "AB18": {
            "data": 0.3247825040322828,
            "id": [
                "H0036445",
                "H0036446"
            ]
        },
        "AB43": {
            "data": 0.1623912520161414,
            "id": [
                "H0036954"
            ]
        },
        "AB25": {
            "data": 0.1623912520161414,
            "id": [
                "H0036562"
            ]
        },
        "AB20": {
            "data": 0.1623912520161414,
            "id": [
                "H0036489"
            ]
        }
    }
}