{
    "1": {
        "position": [
            696,
            269
        ],
        "ids": [
            "H0037375",
            "H0036805",
            "H0036803",
            "H0036685",
            "H0034651"
        ]
    },
    "2": {
        "position": [
            521,
            235
        ],
        "ids": [
            "H0036588",
            "H0036541",
            "H0036584",
            "H0036885",
            "H0037023"
        ]
    },
    "3": {
        "position": [
            354,
            235
        ],
        "ids": [
            "H0037024",
            "H0036744",
            "H0037081",
            "H0036537",
            "H0036571",
            "H0036613",
            "H0036698",
            "H0036697",
            "H0036950",
            "H0036880",
            "H0036960",
            "H0036640",
            "H0037003",
            "H0037131"
        ]
    },
    "6": {
        "position": [
            66,
            202
        ],
        "ids": [
            "H0036520",
            "H0036745",
            "H0009521",
            "H0084913",
            "H0020361",
            "H0015169",
            "H0020360",
            "H0015168",
            "H0020358",
            "H0021761",
            "H0021762",
            "H0015041",
            "H0015060",
            "H0020339",
            "H0024926",
            "H0020363",
            "H0015167",
            "H0015033",
            "H0015034",
            "H0015039",
            "H0015030",
            "H0015205",
            "H0015070",
            "H0015083",
            "H0026891",
            "H0015031",
            "H0015038",
            "H0015035",
            "H0015037",
            "H0015049",
            "H0015289",
            "H0015368",
            "H0020368",
            "H0015036",
            "H0020351",
            "H0020352",
            "H0015032",
            "H0015065",
            "H0020365",
            "H0015071",
            "H0015296",
            "H0015080",
            "H0020350",
            "H0021757",
            "H0015055",
            "H0020372",
            "H0015059"
        ]
    },
    "7": {
        "position": [
            128,
            325
        ],
        "ids": [
            "K0006433",
            "K0006434",
            "K0006435"
        ]
    },
    "8": {
        "position": [
            153,
            524
        ],
        "ids": [
            "K0006981",
            "H0037058"
        ]
    },
    "9": {
        "position": [
            70,
            589
        ],
        "ids": [
            "H0036641",
            "H0036642",
            "H0036643",
            "H0036740",
            "H0021760",
            "H0018670",
            "H0015281",
            "H0015256",
            "H0015659",
            "H0015076",
            "H0020325",
            "H0015073",
            "H0015066",
            "H0020369",
            "H0015043",
            "H0015294",
            "H0020337",
            "H0015058",
            "H0015279",
            "H0018668",
            "H0015079",
            "H0020341",
            "H0015476",
            "H0018671",
            "H0015067",
            "H0015081",
            "H0015047",
            "H0015182",
            "H0020354",
            "H0015662",
            "H0015660",
            "H0015661",
            "H0020331",
            "H0018667",
            "H0020377",
            "H0021756",
            "H0015690"
        ]
    },
    "10": {
        "position": [
            249,
            325
        ],
        "ids": [
            "H0015940",
            "H0029999",
            "H0011973",
            "H0014910",
            "H0014911",
            "H0036608",
            "H0036609",
            "H0017832",
            "H0017833",
            "H0036825",
            "H0037059",
            "H0036445",
            "H0036446",
            "H0036954",
            "H0036562",
            "H0037006",
            "H0037007",
            "H0036265",
            "H0025883",
            "H0036489",
            "H0029810"
        ]
    },
    "11": {
        "position": [
            260,
            563
        ],
        "ids": [
            "H0036646",
            "H0036647",
            "H0015437",
            "H0036648",
            "H0036656",
            "H0036651",
            "H0036652",
            "H0036654",
            "H0036290",
            "H0036291",
            "H0036292",
            "H0036305",
            "H0036662",
            "H0037287",
            "H0036660",
            "H0036661",
            "H0036668",
            "H0036669",
            "H0036670",
            "H0036767",
            "H0036768",
            "H0036671",
            "H0036770",
            "H0036771"
        ]
    },
    "12": {
        "position": [
            328,
            393
        ],
        "ids": [
            "H0030480",
            "H0036821"
        ]
    },
    "13": {
        "position": [
            427,
            560
        ],
        "ids": [
            "H0269513",
            "H0269570",
            "H0269569"
        ]
    },
    "14": {
        "position": [
            461,
            469
        ],
        "ids": [
            "H0036786"
        ]
    },
    "15": {
        "position": [
            535,
            383
        ],
        "ids": [
            "H0036806",
            "H0035443",
            "H0036415",
            "H0036360",
            "H0036440",
            "H0036737",
            "H0037002",
            "H0036753",
            "H0025909",
            "H0036561",
            "H0036864",
            "H0037148",
            "H0036788",
            "H0269567"
        ]
    },
    "meta": {
        "size": [
            800,
            800
        ]
    }
}
