{
    "tag": {
        "\u5e74\u4e2d\u884c\u4e8b": {
            "data": 15.379880500068284,
            "id": [
                "H0036584",
                "H0036541",
                "H0036588",
                "H0037023",
                "H0036571",
                "H0037003",
                "H0037131",
                "H0037024",
                "H0037081",
                "H0036640",
                "H0036489",
                "H0029810"
            ]
        },
        "\u4f9b\u7269": {
            "data": 8.625227996752464,
            "id": [
                "H0036541",
                "H0036588",
                "H0037023"
            ]
        },
        "\u6b63\u6708": {
            "data": 13.317634373361212,
            "id": [
                "H0036584",
                "H0036541",
                "H0036588",
                "H0037023",
                "H0036571",
                "H0037024",
                "H0037081"
            ]
        },
        "\u5ea7": {
            "data": 5.750151997834973,
            "id": [
                "H0036541",
                "H0036588"
            ]
        },
        "\u5e74\u795e": {
            "data": 5.750151997834973,
            "id": [
                "H0036541",
                "H0036588"
            ]
        },
        "\u30b3\u30d4\u30fc": {
            "data": 5.750151997834973,
            "id": [
                "H0036584",
                "H0036588"
            ]
        },
        "\u30ad\u30cd\u30de\u30ad*": {
            "data": 2.8750759989174863,
            "id": [
                "H0036584"
            ]
        },
        "\u9053\u5177": {
            "data": 6.307070943431293,
            "id": [
                "H0036885",
                "H0034651",
                "H0017833",
                "H0011973",
                "H0036445",
                "H0017832",
                "H0036446"
            ]
        },
        "\u68da": {
            "data": 2.8750759989174863,
            "id": [
                "H0037023"
            ]
        },
        "\u796d": {
            "data": 39.50437909856375,
            "id": [
                "H0036885",
                "H0036803",
                "H0036805",
                "H0036685",
                "H0034651",
                "H0036745",
                "H0036520",
                "H0009521",
                "H0036613",
                "H0036697",
                "H0036698",
                "H0036537",
                "H0036654",
                "H0036770",
                "H0036662",
                "H0036661",
                "H0036648",
                "H0037287",
                "H0036647",
                "H0036652",
                "H0015437",
                "H0036660",
                "H0036668",
                "H0036656",
                "H0036767",
                "H0036671",
                "H0036768",
                "H0036669",
                "H0036651",
                "H0036646",
                "H0036670",
                "H0036771",
                "H0036825",
                "H0037059",
                "H0036562",
                "K0006981",
                "H0037058",
                "H0036641",
                "H0036642",
                "H0036643",
                "H0036740",
                "H0036786"
            ]
        },
        "\u9f8d\u5bae": {
            "data": 2.8750759989174863,
            "id": [
                "H0036885"
            ]
        },
        "\u306d\u3076\u305f": {
            "data": 5.6394111439486325,
            "id": [
                "H0037375"
            ]
        },
        "\u7df4\u308a\u7269": {
            "data": 6.402765898670643,
            "id": [
                "H0037375",
                "H0009521",
                "K0006981",
                "H0037058"
            ]
        },
        "\u4e0a\u68df\u5f0f": {
            "data": 5.6394111439486325,
            "id": [
                "H0036803",
                "H0036805"
            ]
        },
        "\u5fa1\u5e63": {
            "data": 6.89594327213448,
            "id": [
                "H0036803",
                "H0036805",
                "H0036669",
                "H0036671",
                "H0036668",
                "H0036670"
            ]
        },
        "\u68b5\u5929": {
            "data": 3.42548236453807,
            "id": [
                "H0036685",
                "H0036613"
            ]
        },
        "\u795e\u8f3f": {
            "data": 3.42548236453807,
            "id": [
                "H0034651",
                "H0036537"
            ]
        },
        "\u82b1\u796d\u308a": {
            "data": 9.057387669845221,
            "id": [
                "H0036685",
                "H0036697",
                "H0036698",
                "H0036654",
                "H0036662",
                "H0036661",
                "H0036648",
                "H0037287",
                "H0036647",
                "H0036652",
                "H0015437",
                "H0036660",
                "H0036668",
                "H0036656",
                "H0036670",
                "H0036671",
                "H0036669",
                "H0036651",
                "H0036646"
            ]
        },
        "\u6247\u5b50": {
            "data": 3.44797163606724,
            "id": [
                "H0034651",
                "H0036662",
                "H0037287"
            ]
        },
        "\u98fe\u308a\u7269*": {
            "data": 0.1605902398045419,
            "id": [
                "H0036520"
            ]
        },
        "\u6765\u8fce": {
            "data": 0.1605902398045419,
            "id": [
                "H0036520"
            ]
        },
        "\u4f5c\u308a*": {
            "data": 0.1605902398045419,
            "id": [
                "H0036520"
            ]
        },
        "\u82b1": {
            "data": 0.1605902398045419,
            "id": [
                "H0036520"
            ]
        },
        "\u3046\u3061\u308f": {
            "data": 1.5167931736331612,
            "id": [
                "H0036745",
                "H0036641",
                "H0036642",
                "H0036643"
            ]
        },
        "\u7530\u690d\u3048": {
            "data": 0.1605902398045419,
            "id": [
                "H0036745"
            ]
        },
        "\u884c\u4e8b": {
            "data": 0.1605902398045419,
            "id": [
                "H0036745"
            ]
        },
        "\u3055\u3057": {
            "data": 0.1605902398045419,
            "id": [
                "H0036745"
            ]
        },
        "\u3084\u3054\u308d*": {
            "data": 0.1605902398045419,
            "id": [
                "H0009521"
            ]
        },
        "\u8349\u978b": {
            "data": 0.1605902398045419,
            "id": [
                "H0084913"
            ]
        },
        "\u7d75\u99ac": {
            "data": 21.823612583710116,
            "id": [
                "H0020350",
                "H0021757",
                "H0015070",
                "H0015060",
                "H0020368",
                "H0015033",
                "H0015065",
                "H0015036",
                "H0015034",
                "H0026891",
                "H0015049",
                "H0020351",
                "H0015055",
                "H0020358",
                "H0020339",
                "H0015038",
                "H0015037",
                "H0015368",
                "H0020372",
                "H0021761",
                "H0021762",
                "H0015030",
                "H0015167",
                "H0015031",
                "H0015205",
                "H0020365",
                "H0015080",
                "H0015168",
                "H0020360",
                "H0015035",
                "H0020352",
                "H0015169",
                "H0015083",
                "H0015032",
                "H0015041",
                "H0015071",
                "H0020361",
                "H0015059",
                "H0024926",
                "H0020363",
                "H0015296",
                "H0015039",
                "H0015289",
                "H0020331",
                "H0015660",
                "H0015081",
                "H0015079",
                "H0015066",
                "H0020377",
                "H0018670",
                "H0020354",
                "H0015690",
                "H0018668",
                "H0015661",
                "H0015659",
                "H0020325",
                "H0015294",
                "H0020337",
                "H0020341",
                "H0015043",
                "H0015662",
                "H0020369",
                "H0015076",
                "H0021756",
                "H0015047",
                "H0015279",
                "H0018667",
                "H0015067",
                "H0015281",
                "H0018671",
                "H0021760",
                "H0015058",
                "H0015182",
                "H0015476",
                "H0015256",
                "H0015073"
            ]
        },
        "\u3046\u3069\u3093": {
            "data": 0.1605902398045419,
            "id": [
                "H0009521"
            ]
        },
        "\u652f": {
            "data": 1.6059023980454186,
            "id": [
                "H0015037",
                "H0015035",
                "H0015038",
                "H0015036",
                "H0015034",
                "H0015030",
                "H0015032",
                "H0015031",
                "H0015039",
                "H0015033"
            ]
        },
        "12": {
            "data": 1.6059023980454186,
            "id": [
                "H0015035",
                "H0015038",
                "H0015037",
                "H0015036",
                "H0015034",
                "H0015030",
                "H0015032",
                "H0015031",
                "H0015039",
                "H0015033"
            ]
        },
        "\u30ad\u30c4\u30cd": {
            "data": 0.3211804796090838,
            "id": [
                "H0015049",
                "H0015070"
            ]
        },
        "\u9df9": {
            "data": 0.3211804796090838,
            "id": [
                "H0015083",
                "H0015296"
            ]
        },
        "\u767d\u9df9": {
            "data": 0.1605902398045419,
            "id": [
                "H0015368"
            ]
        },
        "\u30a6\u30b7": {
            "data": 0.4055059888203386,
            "id": [
                "H0015289",
                "H0029999",
                "H0015940"
            ]
        },
        "\u9ce9": {
            "data": 0.1605902398045419,
            "id": [
                "H0015071"
            ]
        },
        "\u30cb\u30ef\u30c8\u30ea": {
            "data": 0.3211804796090838,
            "id": [
                "H0015059",
                "H0015065"
            ]
        },
        "\u89aa\u5b50": {
            "data": 1.0647255290236217,
            "id": [
                "H0020350",
                "H0015079",
                "H0015058"
            ]
        },
        "\u793c\u62dd": {
            "data": 2.87299610746178,
            "id": [
                "H0020350",
                "H0015079",
                "H0015058",
                "H0015279",
                "H0015043",
                "H0015281",
                "H0015076"
            ]
        },
        "\u30d8\u30d3": {
            "data": 0.1605902398045419,
            "id": [
                "H0015055"
            ]
        },
        "\u30a6\u30ca\u30ae": {
            "data": 0.1605902398045419,
            "id": [
                "H0015080"
            ]
        },
        "\u30b7\u30ab": {
            "data": 3.668169802415775,
            "id": [
                "K0006435",
                "K0006434",
                "K0006433"
            ]
        },
        "\u8e0a\u308a": {
            "data": 4.120237447025317,
            "id": [
                "K0006435",
                "K0006434",
                "K0006433",
                "H0036740"
            ]
        },
        "\u9762": {
            "data": 3.668169802415775,
            "id": [
                "K0006435",
                "K0006434",
                "K0006433"
            ]
        },
        "\u88c5\u675f*": {
            "data": 3.668169802415775,
            "id": [
                "K0006435",
                "K0006434",
                "K0006433"
            ]
        },
        "\u30b5\u30af\u30e9": {
            "data": 1.2227232674719244,
            "id": [
                "K0006433"
            ]
        },
        "\u30de\u30c4": {
            "data": 1.2227232674719244,
            "id": [
                "K0006434"
            ]
        },
        "\u30a6\u30e1": {
            "data": 1.2227232674719244,
            "id": [
                "K0006435"
            ]
        },
        "\u6ce8\u9023\u7e04": {
            "data": 1.8173303776912657,
            "id": [
                "H0036744",
                "H0037024",
                "H0037081"
            ]
        },
        "\u7d50\u5a5a\u5f0f": {
            "data": 0.6057767925637552,
            "id": [
                "H0036744"
            ]
        },
        "\u304a\u5bae*": {
            "data": 0.6057767925637552,
            "id": [
                "H0036537"
            ]
        },
        "\u4f9d\u308a\u4ee3": {
            "data": 0.6057767925637552,
            "id": [
                "H0036571"
            ]
        },
        "\u767d\u84cb*": {
            "data": 0.6057767925637552,
            "id": [
                "H0036698"
            ]
        },
        "\u6f54": {
            "data": 0.6057767925637552,
            "id": [
                "H0036613"
            ]
        },
        "\u96a0\u5c90": {
            "data": 0.6057767925637552,
            "id": [
                "H0036950"
            ]
        },
        "\u795e\u697d": {
            "data": 1.2115535851275103,
            "id": [
                "H0036950",
                "H0036960"
            ]
        },
        "\u6b73\u5fb3\u795e": {
            "data": 0.6057767925637552,
            "id": [
                "H0036571"
            ]
        },
        "\u5929\u84cb": {
            "data": 1.2115535851275103,
            "id": [
                "H0036960",
                "H0036880"
            ]
        },
        "\u8352\u795e": {
            "data": 0.6057767925637552,
            "id": [
                "H0036960"
            ]
        },
        "\u5927\u5143\u795e\u697d*": {
            "data": 0.6057767925637552,
            "id": [
                "H0036880"
            ]
        },
        "\u76c6": {
            "data": 1.8173303776912657,
            "id": [
                "H0036640",
                "H0037003",
                "H0037131"
            ]
        },
        "\u6e6f\u84cb*": {
            "data": 0.6057767925637552,
            "id": [
                "H0036697"
            ]
        },
        "\u706f\u7c60": {
            "data": 1.8173303776912657,
            "id": [
                "H0037003",
                "H0036640",
                "H0037131"
            ]
        },
        "\u5ff5\u4ecf\u8e0a\u308a": {
            "data": 0.6057767925637552,
            "id": [
                "H0036640"
            ]
        },
        "\u84cb": {
            "data": 0.6057767925637552,
            "id": [
                "H0036950"
            ]
        },
        "\u7389": {
            "data": 0.6057767925637552,
            "id": [
                "H0036950"
            ]
        },
        "\u63a1\u7269": {
            "data": 6.282660640929242,
            "id": [
                "H0036671",
                "H0036654",
                "H0036291",
                "H0036292",
                "H0036662",
                "H0036661",
                "H0036648",
                "H0037287",
                "H0036647",
                "H0036652",
                "H0015437",
                "H0036660",
                "H0036669",
                "H0036290",
                "H0036656",
                "H0036668",
                "H0036670",
                "H0036305",
                "H0036651",
                "H0036646"
            ]
        },
        "\u65a7": {
            "data": 1.256532128185849,
            "id": [
                "H0036647",
                "H0015437",
                "H0036646",
                "H0036648"
            ]
        },
        "\u6728\u5200": {
            "data": 0.9423990961393862,
            "id": [
                "H0036652",
                "H0036654",
                "H0036656"
            ]
        },
        "\u5263": {
            "data": 0.31413303204646226,
            "id": [
                "H0036651"
            ]
        },
        "\u511f\u795e*": {
            "data": 1.256532128185849,
            "id": [
                "H0036305",
                "H0036290",
                "H0036292",
                "H0036291"
            ]
        },
        "\u77e2": {
            "data": 0.6282660640929245,
            "id": [
                "H0036291",
                "H0036292"
            ]
        },
        "\u5f13": {
            "data": 0.31413303204646226,
            "id": [
                "H0036290"
            ]
        },
        "\u5e03": {
            "data": 0.31413303204646226,
            "id": [
                "H0036305"
            ]
        },
        "\u592a\u5200": {
            "data": 0.31413303204646226,
            "id": [
                "H0036305"
            ]
        },
        "\u9234": {
            "data": 0.6282660640929245,
            "id": [
                "H0036660",
                "H0036661"
            ]
        },
        "\u5927\u592a\u5200": {
            "data": 0.6282660640929245,
            "id": [
                "H0036768",
                "H0036767"
            ]
        },
        "\u592a\u5200\u632f*": {
            "data": 1.256532128185849,
            "id": [
                "H0036768",
                "H0036770",
                "H0036767",
                "H0036771"
            ]
        },
        "\u6a21\u578b": {
            "data": 1.256532128185849,
            "id": [
                "H0036768",
                "H0036770",
                "H0036767",
                "H0036771"
            ]
        },
        "\u5c0f\u592a\u5200": {
            "data": 0.6282660640929245,
            "id": [
                "H0036770",
                "H0036771"
            ]
        },
        "\u4eba\u5f62": {
            "data": 1.9593259921263741,
            "id": [
                "H0037059",
                "H0029999",
                "H0036954",
                "H0036562",
                "H0036445",
                "H0036609",
                "H0036489",
                "H0036446",
                "H0037006",
                "H0036825",
                "H0036265",
                "H0036608",
                "H0015940",
                "H0037007"
            ]
        },
        "\u4fe1\u4ef0": {
            "data": 1.1021208705710857,
            "id": [
                "H0017833",
                "H0011973",
                "H0036954",
                "H0036445",
                "H0036609",
                "H0017832",
                "H0036446",
                "H0029810",
                "H0036608"
            ]
        },
        "\u5c71\u306e\u795e": {
            "data": 0.48983149803159354,
            "id": [
                "H0017833",
                "H0017832",
                "H0011973",
                "H0025883"
            ]
        },
        "\u795d\u3044*": {
            "data": 0.24491574901579677,
            "id": [
                "H0014911",
                "H0014910"
            ]
        },
        "\u68d2": {
            "data": 0.24491574901579677,
            "id": [
                "H0014911",
                "H0014910"
            ]
        },
        "\u9053\u7956\u795e": {
            "data": 0.24491574901579677,
            "id": [
                "H0036609",
                "H0036608"
            ]
        },
        "\u82e5\u5bae": {
            "data": 0.12245787450789838,
            "id": [
                "H0036825"
            ]
        },
        "\u5927\u52a9": {
            "data": 0.24491574901579677,
            "id": [
                "H0036445",
                "H0036446"
            ]
        },
        "\u866b\u9001\u308a": {
            "data": 0.12245787450789838,
            "id": [
                "H0037059"
            ]
        },
        "\u795e": {
            "data": 0.12245787450789838,
            "id": [
                "H0036954"
            ]
        },
        "\u91cc": {
            "data": 0.12245787450789838,
            "id": [
                "H0036954"
            ]
        },
        "\u5f6b\u523b": {
            "data": 0.24491574901579677,
            "id": [
                "H0029810",
                "H0025883"
            ]
        },
        "\u5730\u8535\u83e9\u85a9": {
            "data": 0.6969833936253365,
            "id": [
                "H0037006",
                "H0037007",
                "H0015279"
            ]
        },
        "\u5c0f\u6b63\u6708": {
            "data": 0.12245787450789838,
            "id": [
                "H0036489"
            ]
        },
        "\u5b9f\u76db*": {
            "data": 0.12245787450789838,
            "id": [
                "H0037059"
            ]
        },
        "\u937e\u9997": {
            "data": 0.12245787450789838,
            "id": [
                "H0036562"
            ]
        },
        "\u5165\u9053": {
            "data": 0.12245787450789838,
            "id": [
                "H0029810"
            ]
        },
        "\u304b\u304b\u3057": {
            "data": 0.12245787450789838,
            "id": [
                "H0036489"
            ]
        },
        "\u725b\u9b3c": {
            "data": 3.422470086891785,
            "id": [
                "K0006981",
                "H0037058"
            ]
        },
        "\u653e\u4e0b": {
            "data": 1.3562029338286195,
            "id": [
                "H0036641",
                "H0036642",
                "H0036643"
            ]
        },
        "\u938c\u5009": {
            "data": 0.45206764460953974,
            "id": [
                "H0036740"
            ]
        },
        "\u307b\u308d": {
            "data": 0.45206764460953974,
            "id": [
                "H0036740"
            ]
        },
        "\u88c1\u7e2b": {
            "data": 0.45206764460953974,
            "id": [
                "H0021760"
            ]
        },
        "\u4e0d\u52d5\u660e\u738b": {
            "data": 0.45206764460953974,
            "id": [
                "H0015281"
            ]
        },
        "\u5b9d\u73e0": {
            "data": 0.45206764460953974,
            "id": [
                "H0015066"
            ]
        },
        "\u7537\u6027": {
            "data": 0.9041352892190795,
            "id": [
                "H0015043",
                "H0015076"
            ]
        },
        "\u30b6\u30af\u30ed": {
            "data": 0.45206764460953974,
            "id": [
                "H0015659"
            ]
        },
        "\u5b57": {
            "data": 1.3562029338286195,
            "id": [
                "H0015047",
                "H0015067",
                "H0015073"
            ]
        },
        "\u4f9b*": {
            "data": 0.45206764460953974,
            "id": [
                "H0015659"
            ]
        },
        "\u30b5\u30eb": {
            "data": 0.45206764460953974,
            "id": [
                "H0015294"
            ]
        },
        "\u6b66\u58eb": {
            "data": 0.45206764460953974,
            "id": [
                "H0020341"
            ]
        },
        "\u96db": {
            "data": 0.45206764460953974,
            "id": [
                "H0015476"
            ]
        },
        "\u85ac\u5e2b": {
            "data": 0.45206764460953974,
            "id": [
                "H0015182"
            ]
        },
        "\u8349\u5208\u308a": {
            "data": 0.45206764460953974,
            "id": [
                "H0015182"
            ]
        },
        "\u9b3c": {
            "data": 1.3562029338286195,
            "id": [
                "H0015661",
                "H0015662",
                "H0015660"
            ]
        },
        "\u93e1\u9905": {
            "data": 0.45206764460953974,
            "id": [
                "H0015081"
            ]
        },
        "\u30cd\u30b3": {
            "data": 0.45206764460953974,
            "id": [
                "H0020331"
            ]
        },
        "\u30a4\u30cc": {
            "data": 0.45206764460953974,
            "id": [
                "H0015690"
            ]
        },
        "\u3084\u3059\u3089\u3044\u796d": {
            "data": 10.56482799229749,
            "id": [
                "H0036786"
            ]
        },
        "\u82b1\u5098*": {
            "data": 10.56482799229749,
            "id": [
                "H0036786"
            ]
        }
    },
    "country": {
        "\u65e5\u672c": {
            "data": 280.1847894312404,
            "id": [
                "H0037023",
                "H0036885",
                "H0036541",
                "H0036588",
                "H0036584",
                "H0036805",
                "H0036685",
                "H0036803",
                "H0034651",
                "H0037375",
                "H0020350",
                "H0021757",
                "H0015070",
                "H0015060",
                "H0020368",
                "H0015033",
                "H0015065",
                "H0015036",
                "H0015049",
                "H0026891",
                "H0015034",
                "H0020351",
                "H0084913",
                "H0015055",
                "H0020358",
                "H0015037",
                "H0015038",
                "H0020339",
                "H0015368",
                "H0020372",
                "H0021761",
                "H0009521",
                "H0021762",
                "H0015030",
                "H0015167",
                "H0015031",
                "H0015205",
                "H0020365",
                "H0036520",
                "H0015080",
                "H0015168",
                "H0036745",
                "H0020360",
                "H0015035",
                "H0020352",
                "H0015169",
                "H0015083",
                "H0015032",
                "H0015041",
                "H0015071",
                "H0020361",
                "H0015059",
                "H0015296",
                "H0020363",
                "H0015039",
                "H0015289",
                "K0006435",
                "K0006434",
                "K0006433",
                "H0036571",
                "H0037131",
                "H0037003",
                "H0036537",
                "H0036698",
                "H0037024",
                "H0037081",
                "H0036950",
                "H0036613",
                "H0036697",
                "H0036744",
                "H0036640",
                "H0036960",
                "H0036880",
                "H0036654",
                "H0036662",
                "H0037287",
                "H0036647",
                "H0036652",
                "H0015437",
                "H0036670",
                "H0036292",
                "H0036668",
                "H0036768",
                "H0036669",
                "H0036290",
                "H0036770",
                "H0036767",
                "H0036656",
                "H0036305",
                "H0036646",
                "H0036291",
                "H0036661",
                "H0036648",
                "H0036660",
                "H0036651",
                "H0036671",
                "H0036771",
                "H0014911",
                "H0014910",
                "H0036562",
                "H0036489",
                "H0036445",
                "H0036825",
                "H0029810",
                "H0037006",
                "H0011973",
                "H0036954",
                "H0025883",
                "H0036609",
                "H0036446",
                "H0036265",
                "H0037059",
                "H0029999",
                "H0017832",
                "H0015940",
                "H0017833",
                "H0036608",
                "H0037007",
                "K0006981",
                "H0037058",
                "H0020331",
                "H0015660",
                "H0015081",
                "H0015079",
                "H0015066",
                "H0020377",
                "H0018670",
                "H0036642",
                "H0020354",
                "H0015690",
                "H0036643",
                "H0018668",
                "H0015661",
                "H0036641",
                "H0015659",
                "H0020325",
                "H0015294",
                "H0020337",
                "H0020341",
                "H0015043",
                "H0015662",
                "H0036740",
                "H0020369",
                "H0015076",
                "H0021756",
                "H0015047",
                "H0015279",
                "H0018667",
                "H0015067",
                "H0015281",
                "H0018671",
                "H0021760",
                "H0015058",
                "H0015476",
                "H0015182",
                "H0015256",
                "H0015073",
                "H0036786"
            ]
        }
    },
    "region": {
        "\u5cf6\u6839\u770c": {
            "data": 16.371534692414286,
            "id": [
                "H0036885",
                "H0036950",
                "H0036880"
            ]
        },
        "\u798f\u4e95\u770c": {
            "data": 12.650334395236941,
            "id": [
                "H0036588"
            ]
        },
        "\u611b\u5a9b\u770c": {
            "data": 25.139887100667142,
            "id": [
                "H0037023",
                "H0037024",
                "H0037059",
                "K0006981",
                "H0037058"
            ]
        },
        "\u77f3\u5ddd\u770c": {
            "data": 13.578905773353837,
            "id": [
                "H0036584",
                "H0020325"
            ]
        },
        "\u795e\u5948\u5ddd\u770c": {
            "data": 14.51093454382562,
            "id": [
                "H0036541",
                "H0036537"
            ]
        },
        "\u9752\u68ee\u770c": {
            "data": 11.241742882717768,
            "id": [
                "H0037375",
                "H0036265",
                "H0015690",
                "H0015659"
            ]
        },
        "\u5927\u962a\u5e9c": {
            "data": 18.046115660635618,
            "id": [
                "H0036803",
                "H0036805"
            ]
        },
        "\u611b\u77e5\u770c": {
            "data": 38.728181891743546,
            "id": [
                "H0036685",
                "H0015168",
                "H0015169",
                "H0015167",
                "H0036697",
                "H0036640",
                "H0036698",
                "H0036654",
                "H0036662",
                "H0036661",
                "H0036648",
                "H0037287",
                "H0036647",
                "H0036652",
                "H0015437",
                "H0036660",
                "H0036668",
                "H0036656",
                "H0036670",
                "H0036671",
                "H0036669",
                "H0036651",
                "H0036646",
                "H0020354",
                "H0036641",
                "H0036642",
                "H0036643"
            ]
        },
        "\u548c\u6b4c\u5c71\u770c": {
            "data": 9.023057830317809,
            "id": [
                "H0034651"
            ]
        },
        "\u6771\u4eac\u90fd": {
            "data": 7.13029720074843,
            "id": [
                "H0015070",
                "H0015049",
                "H0026891",
                "H0015083",
                "H0015289",
                "H0015205",
                "H0015296",
                "H0036520",
                "H0015294",
                "H0015058",
                "H0015279",
                "H0015182",
                "H0015256"
            ]
        },
        "\u4e09\u91cd\u770c": {
            "data": 0.3109300387704961,
            "id": [
                "H0036745"
            ]
        },
        "\u9e7f\u5150\u5cf6\u770c": {
            "data": 0.6218600775409922,
            "id": [
                "H0084913",
                "H0009521"
            ]
        },
        "\u5ca9\u624b\u770c": {
            "data": 24.453631163881013,
            "id": [
                "H0020358",
                "H0020361",
                "H0020363",
                "H0020360",
                "K0006435",
                "K0006434",
                "K0006433",
                "H0036305",
                "H0036290",
                "H0036292",
                "H0036291"
            ]
        },
        "\u9759\u5ca1\u770c": {
            "data": 3.10930038770496,
            "id": [
                "H0015035",
                "H0015038",
                "H0015037",
                "H0015036",
                "H0015034",
                "H0015030",
                "H0015032",
                "H0015031",
                "H0015039",
                "H0015033"
            ]
        },
        "\u57fc\u7389\u770c": {
            "data": 10.840363975021406,
            "id": [
                "H0020339",
                "H0015065",
                "H0015041",
                "H0015071",
                "H0015080",
                "H0015660",
                "H0015081",
                "H0015079",
                "H0015066",
                "H0015047",
                "H0015067",
                "H0015661",
                "H0015662",
                "H0015281",
                "H0015073"
            ]
        },
        "\u5343\u8449\u770c": {
            "data": 1.2395014168873886,
            "id": [
                "H0020368",
                "H0015043"
            ]
        },
        "\u798f\u5ca1\u770c": {
            "data": 3.1001015654760637,
            "id": [
                "H0015368",
                "H0037081",
                "H0020341"
            ]
        },
        "\u5c90\u961c\u770c": {
            "data": 2.789171526705569,
            "id": [
                "H0036744",
                "H0036740"
            ]
        },
        "\u5bcc\u5c71\u770c": {
            "data": 1.8606001485886776,
            "id": [
                "H0036571"
            ]
        },
        "\u9577\u91ce\u770c": {
            "data": 3.3067693332533814,
            "id": [
                "H0036613",
                "H0029999",
                "H0036609",
                "H0036608",
                "H0015940"
            ]
        },
        "\u5e83\u5cf6\u770c": {
            "data": 1.8606001485886776,
            "id": [
                "H0036960"
            ]
        },
        "\u9999\u5ddd\u770c": {
            "data": 2.5836847409210284,
            "id": [
                "H0037003",
                "H0037006",
                "H0037007"
            ]
        },
        "\u5927\u5206\u770c": {
            "data": 2.789171526705569,
            "id": [
                "H0037131",
                "H0015476"
            ]
        },
        "\u4eac\u90fd\u5e9c": {
            "data": 36.56354597361264,
            "id": [
                "H0036768",
                "H0036770",
                "H0036767",
                "H0036771",
                "H0036786"
            ]
        },
        "\u6ecb\u8cc0\u770c": {
            "data": 1.0846268884985284,
            "id": [
                "H0017833",
                "H0017832",
                "H0011973"
            ]
        },
        "\u5c71\u5f62\u770c": {
            "data": 1.0846268884985284,
            "id": [
                "H0014911",
                "H0014910",
                "H0025883"
            ]
        },
        "\u8328\u57ce\u770c": {
            "data": 0.7230845923323521,
            "id": [
                "H0036445",
                "H0036446"
            ]
        },
        "\u65b0\u6f5f\u770c": {
            "data": 0.36154229616617606,
            "id": [
                "H0036562"
            ]
        },
        "\u5ca1\u5c71\u770c": {
            "data": 0.36154229616617606,
            "id": [
                "H0036954"
            ]
        },
        "\u7fa4\u99ac\u770c": {
            "data": 0.36154229616617606,
            "id": [
                "H0036489"
            ]
        },
        "\u5948\u826f\u770c": {
            "data": 1.2901136742830681,
            "id": [
                "H0036825",
                "H0015076"
            ]
        },
        "\u6803\u6728\u770c": {
            "data": 3.71428551246757,
            "id": [
                "H0018667",
                "H0018668",
                "H0018671",
                "H0018670"
            ]
        }
    },
    "received": {
        "1978": {
            "data": 207.91531194038888,
            "id": [
                "H0037023",
                "H0036885",
                "H0036541",
                "H0036588",
                "H0036584",
                "H0036805",
                "H0036685",
                "H0036803",
                "H0034651",
                "H0037375",
                "H0036745",
                "H0036520",
                "H0036571",
                "H0037003",
                "H0037131",
                "H0036537",
                "H0036698",
                "H0037024",
                "H0037081",
                "H0036950",
                "H0036613",
                "H0036697",
                "H0036744",
                "H0036640",
                "H0036960",
                "H0036880",
                "H0036654",
                "H0036662",
                "H0037287",
                "H0036647",
                "H0036652",
                "H0036670",
                "H0036292",
                "H0036668",
                "H0036768",
                "H0036669",
                "H0036290",
                "H0036770",
                "H0036767",
                "H0036656",
                "H0036305",
                "H0036646",
                "H0036291",
                "H0036661",
                "H0036648",
                "H0036660",
                "H0036651",
                "H0036671",
                "H0036771",
                "H0037059",
                "H0036954",
                "H0036562",
                "H0036445",
                "H0036609",
                "H0036489",
                "H0036446",
                "H0036825",
                "H0036265",
                "H0036608",
                "H0037006",
                "H0037007",
                "H0037058",
                "H0036641",
                "H0036642",
                "H0036643",
                "H0036740",
                "H0036786"
            ]
        },
        "1977": {
            "data": 24.147026477353233,
            "id": [
                "H0009521",
                "K0006435",
                "K0006434",
                "K0006433",
                "H0011973",
                "K0006981"
            ]
        },
        "1980": {
            "data": 0.3109300387704961,
            "id": [
                "H0084913"
            ]
        },
        "1975": {
            "data": 48.12245101349823,
            "id": [
                "H0020350",
                "H0021757",
                "H0015070",
                "H0015060",
                "H0020368",
                "H0015033",
                "H0015065",
                "H0015036",
                "H0015034",
                "H0026891",
                "H0015049",
                "H0020351",
                "H0015055",
                "H0020358",
                "H0020339",
                "H0015038",
                "H0015037",
                "H0015368",
                "H0020372",
                "H0021761",
                "H0021762",
                "H0015030",
                "H0015167",
                "H0015031",
                "H0015205",
                "H0020365",
                "H0015080",
                "H0015168",
                "H0020360",
                "H0015035",
                "H0020352",
                "H0015169",
                "H0015083",
                "H0015032",
                "H0015041",
                "H0015071",
                "H0020361",
                "H0015059",
                "H0024926",
                "H0020363",
                "H0015296",
                "H0015039",
                "H0015289",
                "H0015437",
                "H0017833",
                "H0014911",
                "H0014910",
                "H0029999",
                "H0025883",
                "H0017832",
                "H0029810",
                "H0015940",
                "H0020331",
                "H0015660",
                "H0015081",
                "H0015079",
                "H0015066",
                "H0020377",
                "H0018670",
                "H0020354",
                "H0015690",
                "H0018668",
                "H0015661",
                "H0015659",
                "H0020325",
                "H0015294",
                "H0020337",
                "H0020341",
                "H0015043",
                "H0015662",
                "H0020369",
                "H0015076",
                "H0021756",
                "H0015047",
                "H0015279",
                "H0018667",
                "H0015067",
                "H0015281",
                "H0018671",
                "H0021760",
                "H0015058",
                "H0015476",
                "H0015182",
                "H0015256",
                "H0015073"
            ]
        }
    },
    "race": {
        "\u65e5\u672c": {
            "data": 256.3993052500534,
            "id": [
                "H0037023",
                "H0036885",
                "H0036541",
                "H0036588",
                "H0036584",
                "H0036805",
                "H0036685",
                "H0036803",
                "H0034651",
                "H0037375",
                "H0020350",
                "H0021757",
                "H0015070",
                "H0015060",
                "H0020368",
                "H0015033",
                "H0015065",
                "H0015036",
                "H0015034",
                "H0026891",
                "H0015049",
                "H0020351",
                "H0084913",
                "H0015055",
                "H0020358",
                "H0020339",
                "H0015038",
                "H0015037",
                "H0015368",
                "H0020372",
                "H0021761",
                "H0021762",
                "H0015030",
                "H0015167",
                "H0015031",
                "H0015205",
                "H0020365",
                "H0036520",
                "H0015080",
                "H0015168",
                "H0036745",
                "H0020360",
                "H0015035",
                "H0020352",
                "H0015169",
                "H0015083",
                "H0015032",
                "H0015041",
                "H0015071",
                "H0020361",
                "H0015059",
                "H0020363",
                "H0015296",
                "H0015039",
                "H0015289",
                "H0036571",
                "H0037003",
                "H0037131",
                "H0036537",
                "H0036698",
                "H0037024",
                "H0037081",
                "H0036950",
                "H0036613",
                "H0036697",
                "H0036744",
                "H0036640",
                "H0036960",
                "H0036880",
                "H0036654",
                "H0036662",
                "H0037287",
                "H0036647",
                "H0036652",
                "H0015437",
                "H0036670",
                "H0036292",
                "H0036668",
                "H0036671",
                "H0036768",
                "H0036669",
                "H0036290",
                "H0036770",
                "H0036767",
                "H0036656",
                "H0036305",
                "H0036291",
                "H0036661",
                "H0036648",
                "H0036660",
                "H0036651",
                "H0036646",
                "H0036771",
                "H0014911",
                "H0014910",
                "H0036562",
                "H0036445",
                "H0036489",
                "H0036825",
                "H0029810",
                "H0037006",
                "H0011973",
                "H0036954",
                "H0025883",
                "H0036609",
                "H0036446",
                "H0036265",
                "H0037059",
                "H0029999",
                "H0017832",
                "H0015940",
                "H0017833",
                "H0036608",
                "H0037007",
                "H0037058",
                "H0020331",
                "H0015660",
                "H0015081",
                "H0015079",
                "H0015066",
                "H0020377",
                "H0036642",
                "H0018670",
                "H0020354",
                "H0015690",
                "H0036643",
                "H0018668",
                "H0015661",
                "H0036641",
                "H0015659",
                "H0020325",
                "H0015294",
                "H0020337",
                "H0020341",
                "H0015043",
                "H0015662",
                "H0036740",
                "H0020369",
                "H0015076",
                "H0021756",
                "H0015047",
                "H0015279",
                "H0018667",
                "H0015067",
                "H0015281",
                "H0018671",
                "H0021760",
                "H0015058",
                "H0015476",
                "H0015182",
                "H0015256",
                "H0015073",
                "H0036786"
            ]
        },
        "null": {
            "data": 0.0003523905298316867,
            "id": [
                "H0024926",
                "H0009521"
            ]
        }
    },
    "OCM": {
        "527": {
            "data": 46.00401673245209,
            "id": [
                "H0037023",
                "H0036885",
                "H0036541",
                "H0036588",
                "H0036584",
                "H0037375",
                "H0009521",
                "H0037024",
                "H0037081",
                "H0014911",
                "H0014910",
                "H0036954",
                "H0036562",
                "H0036445",
                "H0036609",
                "H0036446",
                "H0029810",
                "H0036608",
                "K0006981",
                "H0037058"
            ]
        },
        "796": {
            "data": 89.99454660479324,
            "id": [
                "H0036885",
                "H0036541",
                "H0036588",
                "H0037023",
                "H0036803",
                "H0036805",
                "H0036685",
                "H0034651",
                "H0036745",
                "H0036520",
                "H0084913",
                "H0009521",
                "K0006435",
                "K0006434",
                "K0006433",
                "H0036698",
                "H0036537",
                "H0037024",
                "H0037081",
                "H0036950",
                "H0036613",
                "H0036697",
                "H0036640",
                "H0036960",
                "H0036880",
                "H0036671",
                "H0036654",
                "H0036291",
                "H0036292",
                "H0036662",
                "H0036661",
                "H0036648",
                "H0037287",
                "H0036647",
                "H0036652",
                "H0015437",
                "H0036660",
                "H0036669",
                "H0036290",
                "H0036656",
                "H0036668",
                "H0036670",
                "H0036305",
                "H0036651",
                "H0036646",
                "H0036825",
                "H0037059",
                "H0036641",
                "H0036642",
                "H0036643",
                "H0036740",
                "H0036786"
            ]
        },
        "852": {
            "data": 6.3251671976184705,
            "id": [
                "H0036584"
            ]
        },
        "342": {
            "data": 11.278822287897265,
            "id": [
                "H0036803",
                "H0036805"
            ]
        },
        "778": {
            "data": 15.153409708736993,
            "id": [
                "H0036685",
                "H0036745",
                "H0036571",
                "H0036698",
                "H0036537",
                "H0036613",
                "H0036697",
                "H0036960",
                "H0036669",
                "H0036671",
                "H0036668",
                "H0036670",
                "H0017833",
                "H0025883",
                "H0036489",
                "H0036609",
                "H0017832",
                "H0029810",
                "H0036608",
                "H0015940"
            ]
        },
        "241": {
            "data": 1.210713109799544,
            "id": [
                "H0036745",
                "H0017833",
                "H0037059",
                "H0014911",
                "H0014910",
                "H0036489",
                "H0017832"
            ]
        },
        "532": {
            "data": 0.43597961801488067,
            "id": [
                "H0009521",
                "H0025883"
            ]
        },
        "292": {
            "data": 16.95947724931507,
            "id": [
                "H0084913",
                "K0006435",
                "K0006434",
                "K0006433",
                "H0036786"
            ]
        },
        "782": {
            "data": 39.73772414726071,
            "id": [
                "H0020350",
                "H0021757",
                "H0015070",
                "H0015060",
                "H0020368",
                "H0015033",
                "H0015065",
                "H0015036",
                "H0015034",
                "H0026891",
                "H0015049",
                "H0020351",
                "H0015055",
                "H0020358",
                "H0020339",
                "H0015038",
                "H0015037",
                "H0015368",
                "H0020372",
                "H0021761",
                "H0021762",
                "H0015030",
                "H0015167",
                "H0015031",
                "H0015205",
                "H0020365",
                "H0015080",
                "H0015168",
                "H0020360",
                "H0015035",
                "H0020352",
                "H0015169",
                "H0015083",
                "H0015032",
                "H0015041",
                "H0015071",
                "H0020361",
                "H0015059",
                "H0024926",
                "H0020363",
                "H0015296",
                "H0015039",
                "H0015289",
                "H0020331",
                "H0015660",
                "H0015081",
                "H0015079",
                "H0015066",
                "H0020377",
                "H0018670",
                "H0020354",
                "H0015690",
                "H0018668",
                "H0015661",
                "H0015659",
                "H0020325",
                "H0015294",
                "H0020337",
                "H0020341",
                "H0015043",
                "H0015662",
                "H0020369",
                "H0015076",
                "H0021756",
                "H0015047",
                "H0015279",
                "H0018667",
                "H0015067",
                "H0015281",
                "H0018671",
                "H0021760",
                "H0015058",
                "H0015476",
                "H0015182",
                "H0015256",
                "H0015073"
            ]
        },
        "535": {
            "data": 27.33434394697125,
            "id": [
                "K0006435",
                "K0006434",
                "K0006433",
                "H0036960",
                "H0036950",
                "H0036880",
                "H0036291",
                "H0036770",
                "H0036292",
                "H0036767",
                "H0036768",
                "H0036305",
                "H0036290",
                "H0036771",
                "H0036641",
                "H0036642",
                "H0036643",
                "H0036740",
                "H0036786"
            ]
        },
        "585": {
            "data": 1.2746490293154011,
            "id": [
                "H0036744",
                "H0014911",
                "H0014910"
            ]
        },
        "354": {
            "data": 2.894266897804608,
            "id": [
                "H0036640",
                "H0037003",
                "H0037131"
            ]
        },
        "769": {
            "data": 1.9295112652030726,
            "id": [
                "H0037003",
                "H0037131"
            ]
        },
        "412": {
            "data": 2.756072828332168,
            "id": [
                "H0036648",
                "H0036647",
                "H0015437",
                "H0036651",
                "H0036646"
            ]
        },
        "411": {
            "data": 6.614574787997201,
            "id": [
                "H0036654",
                "H0036291",
                "H0036292",
                "H0036770",
                "H0036652",
                "H0036290",
                "H0036656",
                "H0036767",
                "H0036768",
                "H0036305",
                "H0036651",
                "H0036771"
            ]
        },
        "293": {
            "data": 1.1024291313328671,
            "id": [
                "H0036662",
                "H0037287"
            ]
        },
        "534": {
            "data": 1.1024291313328671,
            "id": [
                "H0036660",
                "H0036661"
            ]
        },
        "524": {
            "data": 0.4648400950707979,
            "id": [
                "H0037059",
                "H0029999",
                "H0036562"
            ]
        },
        "789": {
            "data": 6.0633853204792745,
            "id": [
                "H0037059",
                "H0014911",
                "H0014910",
                "H0036445",
                "H0036446",
                "H0036265",
                "K0006981",
                "H0037058"
            ]
        },
        "842": {
            "data": 0.3098933967138652,
            "id": [
                "H0014911",
                "H0014910"
            ]
        },
        "322": {
            "data": 0.9296801901415958,
            "id": [
                "H0017833",
                "H0036954",
                "H0025883",
                "H0036609",
                "H0017832",
                "H0036608"
            ]
        },
        "751": {
            "data": 0.1549466983569326,
            "id": [
                "H0036825"
            ]
        },
        "764": {
            "data": 0.3098933967138652,
            "id": [
                "H0037006",
                "H0037007"
            ]
        },
        "224": {
            "data": 0.1549466983569326,
            "id": [
                "H0036265"
            ]
        }
    },
    "OWC": {
        "AB28": {
            "data": 12.650334395236941,
            "id": [
                "H0036588"
            ]
        },
        "AB24": {
            "data": 14.51093454382562,
            "id": [
                "H0036541",
                "H0036537"
            ]
        },
        "AB27": {
            "data": 13.578905773353837,
            "id": [
                "H0036584",
                "H0020325"
            ]
        },
        "AB42": {
            "data": 16.371534692414286,
            "id": [
                "H0036885",
                "H0036950",
                "H0036880"
            ]
        },
        "AB48": {
            "data": 21.717417013775353,
            "id": [
                "H0037023",
                "H0037024",
                "H0037059",
                "K0006981",
                "H0037058"
            ]
        },
        "AB12": {
            "data": 11.241742882717768,
            "id": [
                "H0037375",
                "H0036265",
                "H0015690",
                "H0015659"
            ]
        },
        "AB37": {
            "data": 18.046115660635618,
            "id": [
                "H0036803",
                "H0036805"
            ]
        },
        "AB33": {
            "data": 38.74845993775032,
            "id": [
                "H0036685",
                "H0015168",
                "H0015169",
                "H0015167",
                "H0036697",
                "H0036640",
                "H0036698",
                "H0036654",
                "H0036662",
                "H0036661",
                "H0036648",
                "H0037287",
                "H0036647",
                "H0036652",
                "H0015437",
                "H0036660",
                "H0036668",
                "H0036656",
                "H0036670",
                "H0036671",
                "H0036669",
                "H0036651",
                "H0036646",
                "H0020354",
                "H0036641",
                "H0036642",
                "H0036643"
            ]
        },
        "AB40": {
            "data": 9.023057830317809,
            "id": [
                "H0034651"
            ]
        },
        "AB23": {
            "data": 7.18437199009982,
            "id": [
                "H0015070",
                "H0015049",
                "H0026891",
                "H0015083",
                "H0015289",
                "H0015205",
                "H0015296",
                "H0036520",
                "H0015294",
                "H0015279",
                "H0015058",
                "H0015182",
                "H0015256"
            ]
        },
        "AB34": {
            "data": 0.3176893874394197,
            "id": [
                "H0036745"
            ]
        },
        "AB56": {
            "data": 4.0578488617706245,
            "id": [
                "H0084913",
                "H0009521",
                "K0006981"
            ]
        },
        "AB13": {
            "data": 24.480668558556708,
            "id": [
                "H0020358",
                "H0020361",
                "H0020363",
                "H0020360",
                "K0006435",
                "K0006434",
                "K0006433",
                "H0036305",
                "H0036290",
                "H0036292",
                "H0036291"
            ]
        },
        "AB1": {
            "data": 9.427553826701152,
            "id": [
                "H0020350",
                "H0020372",
                "H0021757",
                "H0020352",
                "H0021761",
                "H0021762",
                "H0020351",
                "H0015055",
                "H0015060",
                "H0015059",
                "H0020365",
                "H0029810",
                "H0021756",
                "H0020331",
                "H0021760",
                "H0020377",
                "H0020337",
                "H0020369"
            ]
        },
        "AB21": {
            "data": 10.874160718366024,
            "id": [
                "H0020339",
                "H0015065",
                "H0015041",
                "H0015071",
                "H0015080",
                "H0015660",
                "H0015081",
                "H0015079",
                "H0015066",
                "H0015047",
                "H0015067",
                "H0015661",
                "H0015662",
                "H0015281",
                "H0015073"
            ]
        },
        "AB32": {
            "data": 3.1768938743941972,
            "id": [
                "H0015035",
                "H0015038",
                "H0015037",
                "H0015036",
                "H0015034",
                "H0015030",
                "H0015032",
                "H0015031",
                "H0015039",
                "H0015033"
            ]
        },
        "AB50": {
            "data": 3.106860914144987,
            "id": [
                "H0015368",
                "H0037081",
                "H0020341"
            ]
        },
        "AB22": {
            "data": 1.2462607655563127,
            "id": [
                "H0020368",
                "H0015043"
            ]
        },
        "AB31": {
            "data": 2.789171526705569,
            "id": [
                "H0036744",
                "H0036740"
            ]
        },
        "AB26": {
            "data": 1.8606001485886776,
            "id": [
                "H0036571"
            ]
        },
        "AB30": {
            "data": 3.3067693332533814,
            "id": [
                "H0036613",
                "H0029999",
                "H0036609",
                "H0036608",
                "H0015940"
            ]
        },
        "AB44": {
            "data": 1.8606001485886776,
            "id": [
                "H0036960"
            ]
        },
        "AB47": {
            "data": 2.5836847409210284,
            "id": [
                "H0037003",
                "H0037006",
                "H0037007"
            ]
        },
        "AB54": {
            "data": 2.789171526705569,
            "id": [
                "H0037131",
                "H0015476"
            ]
        },
        "AB36": {
            "data": 36.56354597361264,
            "id": [
                "H0036768",
                "H0036770",
                "H0036767",
                "H0036771",
                "H0036786"
            ]
        },
        "AB35": {
            "data": 1.0846268884985284,
            "id": [
                "H0017833",
                "H0017832",
                "H0011973"
            ]
        },
        "AB16": {
            "data": 1.0846268884985284,
            "id": [
                "H0014911",
                "H0014910",
                "H0025883"
            ]
        },
        "AB39": {
            "data": 1.2901136742830681,
            "id": [
                "H0036825",
                "H0015076"
            ]
        },
        "AB18": {
            "data": 0.7230845923323521,
            "id": [
                "H0036445",
                "H0036446"
            ]
        },
        "AB43": {
            "data": 0.36154229616617606,
            "id": [
                "H0036954"
            ]
        },
        "AB25": {
            "data": 0.36154229616617606,
            "id": [
                "H0036562"
            ]
        },
        "AB20": {
            "data": 0.36154229616617606,
            "id": [
                "H0036489"
            ]
        },
        "AB19": {
            "data": 3.71428551246757,
            "id": [
                "H0018667",
                "H0018668",
                "H0018671",
                "H0018670"
            ]
        }
    }
}