{
    "tag": {
        "\u5e74\u4e2d\u884c\u4e8b": {
            "data": 13.105019127746129,
            "id": [
                "H0037023",
                "H0036541",
                "H0036584",
                "H0036588",
                "H0037131",
                "H0037003",
                "H0036571",
                "H0036640",
                "H0037081",
                "H0037024",
                "H0029810",
                "H0036489"
            ]
        },
        "\u6b63\u6708": {
            "data": 11.20888978999512,
            "id": [
                "H0037023",
                "H0036541",
                "H0036584",
                "H0036588",
                "H0036571",
                "H0037024",
                "H0037081"
            ]
        },
        "\u5e74\u795e": {
            "data": 4.777810993260375,
            "id": [
                "H0036541",
                "H0036588"
            ]
        },
        "\u30b3\u30d4\u30fc": {
            "data": 4.777810993260375,
            "id": [
                "H0036584",
                "H0036588"
            ]
        },
        "\u4f9b\u7269": {
            "data": 7.166716489890566,
            "id": [
                "H0037023",
                "H0036541",
                "H0036588"
            ]
        },
        "\u5ea7": {
            "data": 4.777810993260375,
            "id": [
                "H0036541",
                "H0036588"
            ]
        },
        "\u796d": {
            "data": 31.101591286294546,
            "id": [
                "H0036885",
                "H0036803",
                "H0034651",
                "H0036685",
                "H0036805",
                "H0036520",
                "H0036745",
                "H0009521",
                "H0036613",
                "H0036698",
                "H0036697",
                "H0036537",
                "H0036660",
                "H0036656",
                "H0036770",
                "H0036771",
                "H0036662",
                "H0036768",
                "H0036671",
                "H0036654",
                "H0036652",
                "H0036661",
                "H0037287",
                "H0036669",
                "H0036767",
                "H0036647",
                "H0036670",
                "H0015437",
                "H0036651",
                "H0036646",
                "H0036648",
                "H0036668",
                "H0037059",
                "H0036562",
                "H0036825",
                "K0006981",
                "H0037058",
                "H0036641",
                "H0036643",
                "H0036740",
                "H0036642",
                "H0036786"
            ]
        },
        "\u9053\u5177": {
            "data": 3.8954522182054516,
            "id": [
                "H0036885",
                "H0034651",
                "H0036446",
                "H0011973",
                "H0017832",
                "H0017833",
                "H0036445"
            ]
        },
        "\u9f8d\u5bae": {
            "data": 2.3889054966301875,
            "id": [
                "H0036885"
            ]
        },
        "\u68da": {
            "data": 2.3889054966301875,
            "id": [
                "H0037023"
            ]
        },
        "\u30ad\u30cd\u30de\u30ad*": {
            "data": 2.3889054966301875,
            "id": [
                "H0036584"
            ]
        },
        "\u306d\u3076\u305f": {
            "data": 1.7987857717673523,
            "id": [
                "H0037375"
            ]
        },
        "\u7df4\u308a\u7269": {
            "data": 4.4779414977284215,
            "id": [
                "H0037375",
                "H0009521",
                "K0006981",
                "H0037058"
            ]
        },
        "\u4e0a\u68df\u5f0f": {
            "data": 1.7987857717673523,
            "id": [
                "H0036803",
                "H0036805"
            ]
        },
        "\u5fa1\u5e63": {
            "data": 3.0553178999532,
            "id": [
                "H0036803",
                "H0036805",
                "H0036670",
                "H0036669",
                "H0036671",
                "H0036668"
            ]
        },
        "\u68b5\u5929": {
            "data": 1.4504821537084651,
            "id": [
                "H0036685",
                "H0036613"
            ]
        },
        "\u82b1\u796d\u308a": {
            "data": 7.02769993427665,
            "id": [
                "H0036685",
                "H0036698",
                "H0036697",
                "H0036660",
                "H0036656",
                "H0036662",
                "H0036671",
                "H0036652",
                "H0036654",
                "H0036661",
                "H0037287",
                "H0036669",
                "H0036647",
                "H0036670",
                "H0015437",
                "H0036651",
                "H0036646",
                "H0036648",
                "H0036668"
            ]
        },
        "\u6247\u5b50": {
            "data": 1.5276589499766,
            "id": [
                "H0034651",
                "H0037287",
                "H0036662"
            ]
        },
        "\u795e\u8f3f": {
            "data": 1.4504821537084651,
            "id": [
                "H0034651",
                "H0036537"
            ]
        },
        "\u98fe\u308a\u7269*": {
            "data": 0.15607852495296073,
            "id": [
                "H0036520"
            ]
        },
        "\u6765\u8fce": {
            "data": 0.15607852495296073,
            "id": [
                "H0036520"
            ]
        },
        "\u4f5c\u308a*": {
            "data": 0.15607852495296073,
            "id": [
                "H0036520"
            ]
        },
        "\u82b1": {
            "data": 0.15607852495296073,
            "id": [
                "H0036520"
            ]
        },
        "\u3046\u3061\u308f": {
            "data": 1.51228145878158,
            "id": [
                "H0036745",
                "H0036641",
                "H0036643",
                "H0036642"
            ]
        },
        "\u7530\u690d\u3048": {
            "data": 0.15607852495296073,
            "id": [
                "H0036745"
            ]
        },
        "\u884c\u4e8b": {
            "data": 0.15607852495296073,
            "id": [
                "H0036745"
            ]
        },
        "\u3055\u3057": {
            "data": 0.15607852495296073,
            "id": [
                "H0036745"
            ]
        },
        "\u3084\u3054\u308d*": {
            "data": 0.15607852495296073,
            "id": [
                "H0009521"
            ]
        },
        "\u7d75\u99ac": {
            "data": 21.629608845092125,
            "id": [
                "H0015065",
                "H0020363",
                "H0015033",
                "H0015038",
                "H0020365",
                "H0015368",
                "H0015205",
                "H0015034",
                "H0020351",
                "H0026891",
                "H0020361",
                "H0020372",
                "H0015031",
                "H0024926",
                "H0015036",
                "H0015030",
                "H0015167",
                "H0015041",
                "H0020339",
                "H0015070",
                "H0015059",
                "H0015039",
                "H0015289",
                "H0020368",
                "H0015035",
                "H0015168",
                "H0015037",
                "H0015296",
                "H0015080",
                "H0015071",
                "H0020360",
                "H0015083",
                "H0021757",
                "H0015049",
                "H0020352",
                "H0015169",
                "H0021762",
                "H0015060",
                "H0020358",
                "H0021761",
                "H0015055",
                "H0015032",
                "H0020350",
                "H0015043",
                "H0015066",
                "H0021760",
                "H0020369",
                "H0020325",
                "H0015294",
                "H0015182",
                "H0015256",
                "H0015047",
                "H0015476",
                "H0020354",
                "H0015281",
                "H0015081",
                "H0018671",
                "H0020337",
                "H0015660",
                "H0015279",
                "H0018668",
                "H0015076",
                "H0015662",
                "H0015079",
                "H0020331",
                "H0015661",
                "H0020377",
                "H0015659",
                "H0018670",
                "H0015067",
                "H0018667",
                "H0020341",
                "H0015073",
                "H0015690",
                "H0021756",
                "H0015058"
            ]
        },
        "\u3046\u3069\u3093": {
            "data": 0.15607852495296073,
            "id": [
                "H0009521"
            ]
        },
        "\u8349\u978b": {
            "data": 0.15607852495296073,
            "id": [
                "H0084913"
            ]
        },
        "\u652f": {
            "data": 1.560785249529607,
            "id": [
                "H0015034",
                "H0015032",
                "H0015031",
                "H0015039",
                "H0015033",
                "H0015035",
                "H0015037",
                "H0015036",
                "H0015030",
                "H0015038"
            ]
        },
        "12": {
            "data": 1.560785249529607,
            "id": [
                "H0015034",
                "H0015032",
                "H0015031",
                "H0015039",
                "H0015033",
                "H0015035",
                "H0015037",
                "H0015036",
                "H0015030",
                "H0015038"
            ]
        },
        "\u30ad\u30c4\u30cd": {
            "data": 0.31215704990592147,
            "id": [
                "H0015070",
                "H0015049"
            ]
        },
        "\u9df9": {
            "data": 0.31215704990592147,
            "id": [
                "H0015296",
                "H0015083"
            ]
        },
        "\u30a6\u30b7": {
            "data": 0.398940059229596,
            "id": [
                "H0015289",
                "H0015940",
                "H0029999"
            ]
        },
        "\u767d\u9df9": {
            "data": 0.15607852495296073,
            "id": [
                "H0015368"
            ]
        },
        "\u9ce9": {
            "data": 0.15607852495296073,
            "id": [
                "H0015071"
            ]
        },
        "\u30a6\u30ca\u30ae": {
            "data": 0.15607852495296073,
            "id": [
                "H0015080"
            ]
        },
        "\u30cb\u30ef\u30c8\u30ea": {
            "data": 0.31215704990592147,
            "id": [
                "H0015065",
                "H0015059"
            ]
        },
        "\u793c\u62dd": {
            "data": 2.8684843926101986,
            "id": [
                "H0020350",
                "H0015043",
                "H0015279",
                "H0015076",
                "H0015079",
                "H0015281",
                "H0015058"
            ]
        },
        "\u89aa\u5b50": {
            "data": 1.0602138141720405,
            "id": [
                "H0020350",
                "H0015079",
                "H0015058"
            ]
        },
        "\u30d8\u30d3": {
            "data": 0.15607852495296073,
            "id": [
                "H0015055"
            ]
        },
        "\u30b7\u30ab": {
            "data": 3.668169802415775,
            "id": [
                "K0006433",
                "K0006435",
                "K0006434"
            ]
        },
        "\u8e0a\u308a": {
            "data": 4.120237447025317,
            "id": [
                "K0006433",
                "K0006435",
                "K0006434",
                "H0036740"
            ]
        },
        "\u9762": {
            "data": 3.668169802415775,
            "id": [
                "K0006433",
                "K0006435",
                "K0006434"
            ]
        },
        "\u88c5\u675f*": {
            "data": 3.668169802415775,
            "id": [
                "K0006433",
                "K0006435",
                "K0006434"
            ]
        },
        "\u30b5\u30af\u30e9": {
            "data": 1.2227232674719244,
            "id": [
                "K0006433"
            ]
        },
        "\u30a6\u30e1": {
            "data": 1.2227232674719244,
            "id": [
                "K0006435"
            ]
        },
        "\u30de\u30c4": {
            "data": 1.2227232674719244,
            "id": [
                "K0006434"
            ]
        },
        "\u6ce8\u9023\u7e04": {
            "data": 1.6532678034743675,
            "id": [
                "H0036744",
                "H0037024",
                "H0037081"
            ]
        },
        "\u7d50\u5a5a\u5f0f": {
            "data": 0.5510892678247891,
            "id": [
                "H0036744"
            ]
        },
        "\u4f9d\u308a\u4ee3": {
            "data": 0.5510892678247891,
            "id": [
                "H0036571"
            ]
        },
        "\u6f54": {
            "data": 0.5510892678247891,
            "id": [
                "H0036613"
            ]
        },
        "\u767d\u84cb*": {
            "data": 0.5510892678247891,
            "id": [
                "H0036698"
            ]
        },
        "\u795e\u697d": {
            "data": 1.1021785356495781,
            "id": [
                "H0036960",
                "H0036950"
            ]
        },
        "\u7389": {
            "data": 0.5510892678247891,
            "id": [
                "H0036950"
            ]
        },
        "\u304a\u5bae*": {
            "data": 0.5510892678247891,
            "id": [
                "H0036537"
            ]
        },
        "\u5927\u5143\u795e\u697d*": {
            "data": 0.5510892678247891,
            "id": [
                "H0036880"
            ]
        },
        "\u5929\u84cb": {
            "data": 1.1021785356495781,
            "id": [
                "H0036960",
                "H0036880"
            ]
        },
        "\u6e6f\u84cb*": {
            "data": 0.5510892678247891,
            "id": [
                "H0036697"
            ]
        },
        "\u96a0\u5c90": {
            "data": 0.5510892678247891,
            "id": [
                "H0036950"
            ]
        },
        "\u6b73\u5fb3\u795e": {
            "data": 0.5510892678247891,
            "id": [
                "H0036571"
            ]
        },
        "\u76c6": {
            "data": 1.6532678034743675,
            "id": [
                "H0037131",
                "H0037003",
                "H0036640"
            ]
        },
        "\u706f\u7c60": {
            "data": 1.6532678034743675,
            "id": [
                "H0037131",
                "H0037003",
                "H0036640"
            ]
        },
        "\u5ff5\u4ecf\u8e0a\u308a": {
            "data": 0.5510892678247891,
            "id": [
                "H0036640"
            ]
        },
        "\u8352\u795e": {
            "data": 0.5510892678247891,
            "id": [
                "H0036960"
            ]
        },
        "\u84cb": {
            "data": 0.5510892678247891,
            "id": [
                "H0036950"
            ]
        },
        "\u63a1\u7269": {
            "data": 6.282660640929242,
            "id": [
                "H0036305",
                "H0036656",
                "H0036660",
                "H0036292",
                "H0036662",
                "H0036671",
                "H0036652",
                "H0036654",
                "H0036661",
                "H0037287",
                "H0036669",
                "H0036290",
                "H0036647",
                "H0036670",
                "H0015437",
                "H0036651",
                "H0036646",
                "H0036291",
                "H0036648",
                "H0036668"
            ]
        },
        "\u65a7": {
            "data": 1.256532128185849,
            "id": [
                "H0015437",
                "H0036648",
                "H0036646",
                "H0036647"
            ]
        },
        "\u5263": {
            "data": 0.31413303204646226,
            "id": [
                "H0036651"
            ]
        },
        "\u6728\u5200": {
            "data": 0.9423990961393862,
            "id": [
                "H0036652",
                "H0036656",
                "H0036654"
            ]
        },
        "\u511f\u795e*": {
            "data": 1.256532128185849,
            "id": [
                "H0036305",
                "H0036292",
                "H0036290",
                "H0036291"
            ]
        },
        "\u77e2": {
            "data": 0.6282660640929245,
            "id": [
                "H0036292",
                "H0036291"
            ]
        },
        "\u5f13": {
            "data": 0.31413303204646226,
            "id": [
                "H0036290"
            ]
        },
        "\u5e03": {
            "data": 0.31413303204646226,
            "id": [
                "H0036305"
            ]
        },
        "\u592a\u5200": {
            "data": 0.31413303204646226,
            "id": [
                "H0036305"
            ]
        },
        "\u9234": {
            "data": 0.6282660640929245,
            "id": [
                "H0036660",
                "H0036661"
            ]
        },
        "\u5927\u592a\u5200": {
            "data": 0.6282660640929245,
            "id": [
                "H0036767",
                "H0036768"
            ]
        },
        "\u592a\u5200\u632f*": {
            "data": 1.256532128185849,
            "id": [
                "H0036767",
                "H0036770",
                "H0036771",
                "H0036768"
            ]
        },
        "\u6a21\u578b": {
            "data": 1.256532128185849,
            "id": [
                "H0036767",
                "H0036770",
                "H0036771",
                "H0036768"
            ]
        },
        "\u5c0f\u592a\u5200": {
            "data": 0.6282660640929245,
            "id": [
                "H0036771",
                "H0036770"
            ]
        },
        "\u4eba\u5f62": {
            "data": 1.9428922742130825,
            "id": [
                "H0037007",
                "H0036446",
                "H0036265",
                "H0037006",
                "H0036609",
                "H0036562",
                "H0029999",
                "H0036489",
                "H0036608",
                "H0036825",
                "H0036954",
                "H0037059",
                "H0036445",
                "H0015940"
            ]
        },
        "\u4fe1\u4ef0": {
            "data": 1.092876904244859,
            "id": [
                "H0029810",
                "H0036446",
                "H0011973",
                "H0036609",
                "H0017832",
                "H0036608",
                "H0036954",
                "H0017833",
                "H0036445"
            ]
        },
        "\u5c71\u306e\u795e": {
            "data": 0.48572306855327063,
            "id": [
                "H0025883",
                "H0017832",
                "H0017833",
                "H0011973"
            ]
        },
        "\u795d\u3044*": {
            "data": 0.24286153427663532,
            "id": [
                "H0014911",
                "H0014910"
            ]
        },
        "\u68d2": {
            "data": 0.24286153427663532,
            "id": [
                "H0014911",
                "H0014910"
            ]
        },
        "\u9053\u7956\u795e": {
            "data": 0.24286153427663532,
            "id": [
                "H0036609",
                "H0036608"
            ]
        },
        "\u866b\u9001\u308a": {
            "data": 0.12143076713831766,
            "id": [
                "H0037059"
            ]
        },
        "\u5b9f\u76db*": {
            "data": 0.12143076713831766,
            "id": [
                "H0037059"
            ]
        },
        "\u5927\u52a9": {
            "data": 0.24286153427663532,
            "id": [
                "H0036445",
                "H0036446"
            ]
        },
        "\u82e5\u5bae": {
            "data": 0.12143076713831766,
            "id": [
                "H0036825"
            ]
        },
        "\u795e": {
            "data": 0.12143076713831766,
            "id": [
                "H0036954"
            ]
        },
        "\u5730\u8535\u83e9\u85a9": {
            "data": 0.694929178886175,
            "id": [
                "H0037007",
                "H0037006",
                "H0015279"
            ]
        },
        "\u937e\u9997": {
            "data": 0.12143076713831766,
            "id": [
                "H0036562"
            ]
        },
        "\u5f6b\u523b": {
            "data": 0.24286153427663532,
            "id": [
                "H0029810",
                "H0025883"
            ]
        },
        "\u5c0f\u6b63\u6708": {
            "data": 0.12143076713831766,
            "id": [
                "H0036489"
            ]
        },
        "\u304b\u304b\u3057": {
            "data": 0.12143076713831766,
            "id": [
                "H0036489"
            ]
        },
        "\u91cc": {
            "data": 0.12143076713831766,
            "id": [
                "H0036954"
            ]
        },
        "\u5165\u9053": {
            "data": 0.12143076713831766,
            "id": [
                "H0029810"
            ]
        },
        "\u725b\u9b3c": {
            "data": 3.422470086891785,
            "id": [
                "K0006981",
                "H0037058"
            ]
        },
        "\u653e\u4e0b": {
            "data": 1.3562029338286195,
            "id": [
                "H0036641",
                "H0036643",
                "H0036642"
            ]
        },
        "\u4e0d\u52d5\u660e\u738b": {
            "data": 0.45206764460953974,
            "id": [
                "H0015281"
            ]
        },
        "\u30b6\u30af\u30ed": {
            "data": 0.45206764460953974,
            "id": [
                "H0015659"
            ]
        },
        "\u938c\u5009": {
            "data": 0.45206764460953974,
            "id": [
                "H0036740"
            ]
        },
        "\u307b\u308d": {
            "data": 0.45206764460953974,
            "id": [
                "H0036740"
            ]
        },
        "\u88c1\u7e2b": {
            "data": 0.45206764460953974,
            "id": [
                "H0021760"
            ]
        },
        "\u4f9b*": {
            "data": 0.45206764460953974,
            "id": [
                "H0015659"
            ]
        },
        "\u7537\u6027": {
            "data": 0.9041352892190795,
            "id": [
                "H0015076",
                "H0015043"
            ]
        },
        "\u5b9d\u73e0": {
            "data": 0.45206764460953974,
            "id": [
                "H0015066"
            ]
        },
        "\u30b5\u30eb": {
            "data": 0.45206764460953974,
            "id": [
                "H0015294"
            ]
        },
        "\u6b66\u58eb": {
            "data": 0.45206764460953974,
            "id": [
                "H0020341"
            ]
        },
        "\u5b57": {
            "data": 1.3562029338286195,
            "id": [
                "H0015073",
                "H0015067",
                "H0015047"
            ]
        },
        "\u96db": {
            "data": 0.45206764460953974,
            "id": [
                "H0015476"
            ]
        },
        "\u8349\u5208\u308a": {
            "data": 0.45206764460953974,
            "id": [
                "H0015182"
            ]
        },
        "\u9b3c": {
            "data": 1.3562029338286195,
            "id": [
                "H0015662",
                "H0015660",
                "H0015661"
            ]
        },
        "\u85ac\u5e2b": {
            "data": 0.45206764460953974,
            "id": [
                "H0015182"
            ]
        },
        "\u93e1\u9905": {
            "data": 0.45206764460953974,
            "id": [
                "H0015081"
            ]
        },
        "\u30cd\u30b3": {
            "data": 0.45206764460953974,
            "id": [
                "H0020331"
            ]
        },
        "\u30a4\u30cc": {
            "data": 0.45206764460953974,
            "id": [
                "H0015690"
            ]
        },
        "\u3084\u3059\u3089\u3044\u796d": {
            "data": 10.56482799229749,
            "id": [
                "H0036786"
            ]
        },
        "\u82b1\u5098*": {
            "data": 10.56482799229749,
            "id": [
                "H0036786"
            ]
        }
    },
    "country": {},
    "region": {},
    "received": {},
    "race": {
        "null": {
            "data": 0.07459546199047551,
            "id": [
                "K0006433",
                "K0006435",
                "K0006434"
            ]
        }
    },
    "OCM": {
        "527": {
            "data": 36.621733993318976,
            "id": [
                "H0036885",
                "H0037023",
                "H0036588",
                "H0036584",
                "H0036541",
                "H0037375",
                "H0009521",
                "H0037024",
                "H0037081",
                "H0029810",
                "H0036446",
                "H0014911",
                "H0036609",
                "H0036608",
                "H0014910",
                "H0036954",
                "H0036562",
                "H0036445",
                "K0006981",
                "H0037058"
            ]
        },
        "796": {
            "data": 69.44861401342753,
            "id": [
                "H0037023",
                "H0036541",
                "H0036885",
                "H0036588",
                "H0036803",
                "H0034651",
                "H0036685",
                "H0036805",
                "H0036520",
                "H0036745",
                "H0009521",
                "H0084913",
                "K0006433",
                "K0006435",
                "K0006434",
                "H0036698",
                "H0036950",
                "H0036640",
                "H0036613",
                "H0036960",
                "H0036697",
                "H0036537",
                "H0037081",
                "H0036880",
                "H0037024",
                "H0036305",
                "H0036656",
                "H0036660",
                "H0036292",
                "H0036662",
                "H0036671",
                "H0036652",
                "H0036654",
                "H0036661",
                "H0037287",
                "H0036669",
                "H0036290",
                "H0036647",
                "H0036670",
                "H0015437",
                "H0036651",
                "H0036646",
                "H0036291",
                "H0036648",
                "H0036668",
                "H0036825",
                "H0037059",
                "H0036641",
                "H0036643",
                "H0036740",
                "H0036642",
                "H0036786"
            ]
        },
        "852": {
            "data": 5.255592092586415,
            "id": [
                "H0036584"
            ]
        },
        "342": {
            "data": 3.5975715435347047,
            "id": [
                "H0036803",
                "H0036805"
            ]
        },
        "778": {
            "data": 10.771922312781289,
            "id": [
                "H0036685",
                "H0036745",
                "H0036698",
                "H0036571",
                "H0036613",
                "H0036960",
                "H0036697",
                "H0036537",
                "H0036670",
                "H0036669",
                "H0036671",
                "H0036668",
                "H0029810",
                "H0025883",
                "H0036609",
                "H0017832",
                "H0036489",
                "H0036608",
                "H0017833",
                "H0015940"
            ]
        },
        "241": {
            "data": 1.195019977350419,
            "id": [
                "H0036745",
                "H0014911",
                "H0017832",
                "H0036489",
                "H0014910",
                "H0037059",
                "H0017833"
            ]
        },
        "532": {
            "data": 0.4267845117814707,
            "id": [
                "H0009521",
                "H0025883"
            ]
        },
        "292": {
            "data": 16.951581748324802,
            "id": [
                "H0084913",
                "K0006433",
                "K0006435",
                "K0006434",
                "H0036786"
            ]
        },
        "782": {
            "data": 39.398217604679225,
            "id": [
                "H0015065",
                "H0020363",
                "H0015033",
                "H0015038",
                "H0020365",
                "H0015368",
                "H0015205",
                "H0015034",
                "H0020351",
                "H0026891",
                "H0020361",
                "H0020372",
                "H0015031",
                "H0024926",
                "H0015036",
                "H0015030",
                "H0015167",
                "H0015041",
                "H0020339",
                "H0015070",
                "H0015059",
                "H0015039",
                "H0015289",
                "H0020368",
                "H0015035",
                "H0015168",
                "H0015037",
                "H0015296",
                "H0015071",
                "H0015080",
                "H0020360",
                "H0015083",
                "H0021757",
                "H0015049",
                "H0020352",
                "H0015169",
                "H0021762",
                "H0015060",
                "H0020358",
                "H0021761",
                "H0015055",
                "H0015032",
                "H0020350",
                "H0015043",
                "H0015066",
                "H0021760",
                "H0020369",
                "H0020325",
                "H0015294",
                "H0015182",
                "H0015256",
                "H0015047",
                "H0015476",
                "H0020354",
                "H0015281",
                "H0015081",
                "H0018671",
                "H0020337",
                "H0015660",
                "H0015279",
                "H0018668",
                "H0015076",
                "H0015662",
                "H0015079",
                "H0020331",
                "H0015661",
                "H0020377",
                "H0015659",
                "H0018670",
                "H0015067",
                "H0018667",
                "H0020341",
                "H0015073",
                "H0015690",
                "H0021756",
                "H0015058"
            ]
        },
        "535": {
            "data": 27.07305910655174,
            "id": [
                "K0006433",
                "K0006435",
                "K0006434",
                "H0036880",
                "H0036960",
                "H0036950",
                "H0036305",
                "H0036770",
                "H0036292",
                "H0036768",
                "H0036771",
                "H0036767",
                "H0036290",
                "H0036291",
                "H0036641",
                "H0036643",
                "H0036740",
                "H0036642",
                "H0036786"
            ]
        },
        "585": {
            "data": 1.1849548720226137,
            "id": [
                "H0036744",
                "H0014911",
                "H0014910"
            ]
        },
        "354": {
            "data": 2.6329820573851035,
            "id": [
                "H0037131",
                "H0037003",
                "H0036640"
            ]
        },
        "769": {
            "data": 1.7553213715900693,
            "id": [
                "H0037131",
                "H0037003"
            ]
        },
        "412": {
            "data": 2.756072828332168,
            "id": [
                "H0036647",
                "H0015437",
                "H0036651",
                "H0036646",
                "H0036648"
            ]
        },
        "411": {
            "data": 6.614574787997201,
            "id": [
                "H0036305",
                "H0036656",
                "H0036770",
                "H0036292",
                "H0036768",
                "H0036771",
                "H0036652",
                "H0036654",
                "H0036767",
                "H0036290",
                "H0036651",
                "H0036291"
            ]
        },
        "293": {
            "data": 1.1024291313328671,
            "id": [
                "H0037287",
                "H0036662"
            ]
        },
        "534": {
            "data": 1.1024291313328671,
            "id": [
                "H0036660",
                "H0036661"
            ]
        },
        "524": {
            "data": 0.46094127934136897,
            "id": [
                "H0037059",
                "H0036562",
                "H0029999"
            ]
        },
        "789": {
            "data": 6.055587689020417,
            "id": [
                "H0036446",
                "H0036265",
                "H0014911",
                "H0014910",
                "H0037059",
                "H0036445",
                "K0006981",
                "H0037058"
            ]
        },
        "842": {
            "data": 0.30729418622757926,
            "id": [
                "H0014911",
                "H0014910"
            ]
        },
        "322": {
            "data": 0.9218825586827379,
            "id": [
                "H0036609",
                "H0017832",
                "H0036608",
                "H0036954",
                "H0017833",
                "H0025883"
            ]
        },
        "751": {
            "data": 0.15364709311378963,
            "id": [
                "H0036825"
            ]
        },
        "764": {
            "data": 0.30729418622757926,
            "id": [
                "H0037007",
                "H0037006"
            ]
        },
        "224": {
            "data": 0.15364709311378963,
            "id": [
                "H0036265"
            ]
        }
    },
    "OWC": {
        "AB28": {
            "data": 10.51118418517283,
            "id": [
                "H0036588"
            ]
        },
        "AB24": {
            "data": 12.203815507777541,
            "id": [
                "H0036541",
                "H0036537"
            ]
        },
        "AB27": {
            "data": 11.439755563289726,
            "id": [
                "H0036584",
                "H0020325"
            ]
        },
        "AB42": {
            "data": 13.896446830382244,
            "id": [
                "H0036885",
                "H0036880",
                "H0036950"
            ]
        },
        "AB48": {
            "data": 19.407265565493276,
            "id": [
                "H0037023",
                "H0037024",
                "H0037059",
                "K0006981",
                "H0037058"
            ]
        },
        "AB12": {
            "data": 5.093709874993724,
            "id": [
                "H0037375",
                "H0036265",
                "H0015690",
                "H0015659"
            ]
        },
        "AB37": {
            "data": 5.756114469655526,
            "id": [
                "H0036803",
                "H0036805"
            ]
        },
        "AB33": {
            "data": 32.07277681747181,
            "id": [
                "H0036685",
                "H0015167",
                "H0015169",
                "H0015168",
                "H0036698",
                "H0036697",
                "H0036640",
                "H0036660",
                "H0036656",
                "H0036662",
                "H0036671",
                "H0036652",
                "H0036654",
                "H0036661",
                "H0037287",
                "H0036669",
                "H0036647",
                "H0036670",
                "H0015437",
                "H0036651",
                "H0036646",
                "H0036648",
                "H0036668",
                "H0036641",
                "H0036643",
                "H0036642",
                "H0020354"
            ]
        },
        "AB40": {
            "data": 2.878057234827763,
            "id": [
                "H0034651"
            ]
        },
        "AB23": {
            "data": 7.112969198535667,
            "id": [
                "H0036520",
                "H0015205",
                "H0026891",
                "H0015083",
                "H0015070",
                "H0015049",
                "H0015289",
                "H0015296",
                "H0015279",
                "H0015294",
                "H0015182",
                "H0015058",
                "H0015256"
            ]
        },
        "AB34": {
            "data": 0.3087640384939005,
            "id": [
                "H0036745"
            ]
        },
        "AB56": {
            "data": 4.039998163879585,
            "id": [
                "H0009521",
                "H0084913",
                "K0006981"
            ]
        },
        "AB13": {
            "data": 24.44496716277463,
            "id": [
                "H0020361",
                "H0020360",
                "H0020358",
                "H0020363",
                "K0006433",
                "K0006435",
                "K0006434",
                "H0036305",
                "H0036292",
                "H0036290",
                "H0036291"
            ]
        },
        "AB1": {
            "data": 9.326342576066441,
            "id": [
                "H0020351",
                "H0021757",
                "H0015059",
                "H0020372",
                "H0020352",
                "H0015060",
                "H0021762",
                "H0021761",
                "H0015055",
                "H0020350",
                "H0020365",
                "H0029810",
                "H0021760",
                "H0020337",
                "H0020369",
                "H0021756",
                "H0020331",
                "H0020377"
            ]
        },
        "AB21": {
            "data": 10.829533973638428,
            "id": [
                "H0015041",
                "H0015071",
                "H0020339",
                "H0015080",
                "H0015065",
                "H0015081",
                "H0015066",
                "H0015047",
                "H0015067",
                "H0015660",
                "H0015073",
                "H0015662",
                "H0015079",
                "H0015281",
                "H0015661"
            ]
        },
        "AB32": {
            "data": 3.087640384939005,
            "id": [
                "H0015034",
                "H0015032",
                "H0015031",
                "H0015039",
                "H0015033",
                "H0015035",
                "H0015037",
                "H0015036",
                "H0015030",
                "H0015038"
            ]
        },
        "AB50": {
            "data": 2.929966739215501,
            "id": [
                "H0015368",
                "H0037081",
                "H0020341"
            ]
        },
        "AB22": {
            "data": 1.2373354166107935,
            "id": [
                "H0020368",
                "H0015043"
            ]
        },
        "AB31": {
            "data": 2.6212027007216023,
            "id": [
                "H0036744",
                "H0036740"
            ]
        },
        "AB26": {
            "data": 1.69263132260471,
            "id": [
                "H0036571"
            ]
        },
        "AB30": {
            "data": 3.1266708583334135,
            "id": [
                "H0036613",
                "H0036609",
                "H0036608",
                "H0015940",
                "H0029999"
            ]
        },
        "AB44": {
            "data": 1.69263132260471,
            "id": [
                "H0036960"
            ]
        },
        "AB47": {
            "data": 2.4096510904690613,
            "id": [
                "H0037003",
                "H0037007",
                "H0037006"
            ]
        },
        "AB54": {
            "data": 2.6212027007216023,
            "id": [
                "H0037131",
                "H0015476"
            ]
        },
        "AB36": {
            "data": 36.56354597361264,
            "id": [
                "H0036767",
                "H0036770",
                "H0036771",
                "H0036768",
                "H0036786"
            ]
        },
        "AB35": {
            "data": 1.0755296517965276,
            "id": [
                "H0017832",
                "H0017833",
                "H0011973"
            ]
        },
        "AB16": {
            "data": 1.0755296517965276,
            "id": [
                "H0014911",
                "H0014910",
                "H0025883"
            ]
        },
        "AB39": {
            "data": 1.287081262049068,
            "id": [
                "H0036825",
                "H0015076"
            ]
        },
        "AB18": {
            "data": 0.7170197678643516,
            "id": [
                "H0036445",
                "H0036446"
            ]
        },
        "AB43": {
            "data": 0.3585098839321758,
            "id": [
                "H0036954"
            ]
        },
        "AB25": {
            "data": 0.3585098839321758,
            "id": [
                "H0036562"
            ]
        },
        "AB20": {
            "data": 0.3585098839321758,
            "id": [
                "H0036489"
            ]
        },
        "AB19": {
            "data": 3.71428551246757,
            "id": [
                "H0018670",
                "H0018667",
                "H0018671",
                "H0018668"
            ]
        }
    }
}